average_user_rating,average_user_rating_for_current_version,file_size_bytes,is_game_center_enabled,price,primary_genre_id,user_rating_count
4.67589,4.67589,36927488,0,0.0,6014,253
4.86087,4.86087,154926080,1,0.0,6014,253100
4.81924,4.81924,249300992,1,0.0,6014,2076657
4.52683,4.52683,243209216,0,0.0,6014,54892
4.7413,4.7413,323801088,0,0.0,6014,6150
4.53183,4.53183,243247104,0,0.0,6014,10978028
4.67952,4.67952,251964416,0,0.0,6014,2159455
4.72333,4.72333,232969216,1,0.0,6014,1298470
4.57287,4.57287,233846784,0,0.0,6014,110765
4.64794,4.64794,258850816,1,0.0,6014,2820894
4.85726,4.85726,51955712,0,0.0,6014,173614
4.81802,4.81802,249210880,0,0.0,6014,793202
4.68151,4.68151,2988360704,0,0.0,6014,1737308
4.7779,4.7779,656326656,0,0.0,6014,87309
4.49536,4.49536,330614784,0,0.0,6014,13699
4.72069,4.72069,979416064,1,0.0,6014,1445727
4.27669,4.27669,147461120,0,0.0,6014,155232
3.97597,3.97597,298105856,0,0.0,6014,199515
4.54502,4.54502,358987776,0,0.0,6014,344355
4.64001,4.64001,426523648,0,0.0,6014,149599
4.58084,4.58084,256842752,1,0.0,6014,40216
4.00527,4.00527,1165805568,0,0.0,6014,3606
4.70625,4.70625,327202816,0,0.0,6014,3138072
4.72424,4.72424,259645440,1,0.0,6014,267299
4.0546,4.0546,837915648,1,0.0,6014,767336
4.31229,4.31229,2702603264,0,0.0,6014,1429989
4.63565,4.63565,319407104,0,0.0,6014,38622
4.70176,4.70176,275284992,0,0.0,6014,584181
4.81898,4.81898,241860608,1,0.0,6014,51508
4.61359,4.61359,415812608,0,0.0,6014,61403
4.47377,4.47377,207881216,0,0.0,6014,1761109
4.69956,4.69956,628882432,1,0.0,6014,110229
4.62547,4.62547,182759424,1,0.0,6014,267587
4.72434,4.72434,342450176,0,0.0,6014,99967
4.96169,4.96169,164783104,0,0.0,6014,177879
3.76367,3.76367,2862911488,0,0.0,6014,3237
4.79225,4.79225,230806528,0,0.0,6014,1038042
4.687,4.687,518928384,0,0.0,6014,514161
4.71223,4.71223,184341504,0,0.0,6014,864324
4.22091,4.22091,64221184,1,0.0,6014,1530
4.59142,4.59142,489152512,1,0.0,6014,2617489
4.82758,4.82758,539717632,0,0.0,6014,172332
4.73407,4.73407,257820672,0,0.0,6014,854626
4.63443,4.63443,249071616,1,0.0,6014,978446
4.80789,4.80789,108186624,0,0.0,6014,132754
4.57266,4.57266,266730496,0,0.0,6014,63480
4.81053,4.81053,291854336,0,0.0,6014,435366
4.94055,4.94055,194808832,0,0.0,6014,94585
4.64259,4.64259,561988608,0,0.0,6014,55600
3.96525,3.96525,928961536,1,0.0,6014,118950
4.85815,4.85815,323679232,0,0.0,6014,276991
4.75917,4.75917,299041792,1,0.0,6014,2441829
4.61942,4.61942,226809856,0,0.0,6014,4769
4.75007,4.75007,3286889472,1,0.0,6014,13528
4.60229,4.60229,316730368,0,0.0,6014,301907
4.82902,4.82902,418711552,0,0.0,6014,45835
4.77113,4.77113,330833920,0,0.0,6014,1611739
4.57732,4.57732,253479936,0,0.0,6014,697402
4.81981,4.81981,129812480,0,0.0,6014,68794
4.76492,4.76492,543389696,1,0.0,6014,194507
4.77737,4.77737,789005312,0,0.0,6014,35247
4.85315,4.85315,555723776,0,0.0,6014,162719
2.61111,2.61111,700115968,0,0.0,6014,198
4.69689,4.69689,249054208,0,0.0,6014,365367
4.31433,4.31433,149951488,0,0.0,6014,14192
4.82196,4.82196,416718848,0,0.0,6014,25590
4.92061,4.92061,328941568,0,0.0,6014,277520
4.81844,4.81844,35930112,0,0.0,6014,905612
4.7031,4.7031,90901504,0,0.0,6014,693118
4.54553,4.54553,523812864,1,0.0,6014,1910513
4.66843,4.66843,535313408,1,0.0,6014,1444529
4.07367,4.07367,461287424,0,0.0,6014,2484
4.89958,4.89958,131938304,0,0.0,6014,16192
4.62784,4.62784,233336832,0,0.0,6014,21908
4.62858,4.62858,321403904,1,0.0,6014,1302970
4.45695,4.45695,440366080,0,0.0,6014,686534
2.70769,2.70769,1555675136,0,0.0,6014,2186
3.99332,3.99332,357706752,0,0.0,6014,536735
4.57608,4.57608,293711872,0,0.0,6014,269565
4.6054,4.6054,293918720,0,0.0,6014,1959459
4.79715,4.79715,337958912,0,0.0,6014,63243
4.66423,4.66423,196802560,1,0.0,6014,626446
4.90484,4.90484,238076928,0,0.0,6014,534320
4.66204,4.66204,329528320,0,0.0,6014,114972
4.44742,4.44742,475304960,0,0.0,6014,5344
4.32845,4.32845,263249920,0,0.0,6014,186718
4.26334,4.26334,2228046848,1,0.0,6014,110170
4.43599,4.43599,272027648,0,0.0,6014,36611
4.62223,4.62223,847183872,1,0.0,6014,17368
4.67685,4.67685,197492736,0,0.0,6014,573413
4.73045,4.73045,402332672,0,0.0,6014,162743
4.60641,4.60641,237321216,0,0.0,6014,674434
4.44158,4.44158,275757056,0,0.0,6014,1789
4.68044,4.68044,656355328,0,0.0,6014,6149
3.43905,3.43905,354519040,0,0.0,6014,5332
4.59718,4.59718,617735168,0,0.0,6014,720952
4.94611,4.94611,247194624,1,0.0,6014,41835
4.60871,4.60871,328422400,0,0.0,6014,9282
4.8125,4.8125,450279424,1,0.0,6014,246720
4.69029,4.69029,306455552,1,0.0,6014,112097
4.72335,4.72335,547820544,1,0.0,6014,323728
4.69306,4.69306,221519872,1,0.0,6014,1308126
4.55456,4.55456,253380608,1,0.0,6014,15369
4.7789,4.7789,50221056,1,0.0,6014,286491
4.59954,4.59954,396291072,0,0.0,6014,376281
4.81702,4.81702,231618560,0,0.0,6014,67259
4.59928,4.59928,244557824,1,0.0,6014,1009591
4.68978,4.68978,209844224,1,0.0,6014,543626
4.70767,4.70767,3270936576,1,0.0,6014,796931
4.71734,4.71734,347273216,0,0.0,6014,23077
4.41572,4.41572,180269056,1,0.0,6014,349877
4.32965,4.32965,557822976,0,0.0,6014,315333
4.31461,4.31461,538878976,1,0.0,6014,25079
4.73008,4.73008,295920640,0,0.0,6014,1762877
4.49566,4.49566,246690816,1,0.0,6014,174402
4.28845,4.28845,35958784,0,0.0,6014,5585
4.79574,4.79574,200284160,0,0.0,6014,43044
4.65993,4.65993,352026624,0,0.0,6014,2664118
4.67462,4.67462,474540032,1,0.0,6014,12893
4.78691,4.78691,266551296,1,0.0,6014,248869
4.70505,4.70505,242188288,1,0.0,6014,1004074
4.66076,4.66076,231710720,0,0.0,6014,210747
4.73958,4.73958,114019328,1,0.0,6014,10222
4.86158,4.86158,317377536,0,0.0,6014,169526
4.47115,4.47115,220188672,1,0.0,6014,251975
4.4779,4.4779,196730880,0,0.0,6014,466489
4.61958,4.61958,184482816,0,0.0,6014,421057
4.89222,4.89222,475240448,0,0.0,6014,565156
4.70303,4.70303,176590848,1,0.0,6014,421237
4.74244,4.74244,284224512,0,0.0,6014,77645
4.45247,4.45247,257894400,1,0.0,6014,667172
3.73809,3.73809,253405184,1,0.0,6014,69441
4.2069,4.2069,2040265728,0,0.0,6014,29
4.74935,4.74935,351251456,1,0.0,6014,2952602
4.59869,4.59869,306223104,0,0.0,6014,314968
4.50582,4.50582,286328832,0,0.0,6014,230520
4.85804,4.85804,251598848,0,0.0,6014,57657
4.65578,4.65578,174603264,0,0.0,6014,61356
4.76051,4.76051,644431872,1,0.0,6014,354203
4.59312,4.59312,324914176,0,0.0,6014,76990
4.35046,4.35046,3829879808,0,0.0,6014,4671
4.62988,4.62988,276277248,0,0.0,6014,221696
4.34686,4.34686,145001472,0,0.0,6014,10621
4.37599,4.37599,347734016,0,0.0,6014,156126
0.0,0.0,95367168,0,0.0,6014,0
4.76158,4.76158,2463332352,1,0.0,6014,1372921
4.71627,4.71627,287987712,1,0.0,6014,188893
4.83263,4.83263,204679168,0,0.0,6014,1446
4.7569,4.7569,259974144,0,0.0,6014,21378
4.35084,4.35084,3107722240,1,0.0,6014,503487
4.77806,4.77806,145072128,0,0.0,6014,73536
4.85724,4.85724,229565440,0,0.0,6014,31488
4.74526,4.74526,403902464,0,0.0,6014,74920
4.74678,4.74678,1130496000,0,0.0,6014,104102
4.66205,4.66205,349632512,0,0.0,6014,125054
4.75622,4.75622,163332096,0,0.0,6014,1608726
4.52186,4.52186,640858112,0,0.0,6014,2585
4.71297,4.71297,1218766848,0,0.0,6014,283538
4.6615,4.6615,138351616,1,0.0,6014,1184691
4.32193,4.32193,2892450816,1,0.0,6014,286583
4.72481,4.72481,229383168,0,0.0,6014,2402
4.564,4.564,473694208,1,0.0,6014,236309
4.74674,4.74674,290686976,1,0.0,6014,244665
4.78468,4.78468,24921088,0,0.0,6014,58388
4.60581,4.60581,341729280,0,0.0,6014,62723
3.93659,3.93659,1479545856,0,0.0,6014,259913
4.61071,4.61071,490925056,0,0.0,6014,48593
4.66819,4.66819,333213696,0,0.0,6014,34578
4.59222,4.59222,335964160,0,0.0,6014,110046
4.75338,4.75338,2803025920,0,0.0,6014,646963
4.61042,4.61042,248593408,0,0.0,6014,255649
4.66427,4.66427,280521728,1,0.0,6014,1331668
4.65843,4.65843,397021184,1,0.0,6014,249731
4.65662,4.65662,453611520,0,0.0,6014,127548
4.65641,4.65641,3664261120,1,0.0,6014,40231
4.66909,4.66909,710135808,1,0.0,6014,7969
4.7394,4.7394,160282624,0,0.0,6014,3888934
4.62398,4.62398,44351488,0,0.0,6014,120185
4.85949,4.85949,200507392,0,0.0,6014,6363
4.72213,4.72213,342203392,1,0.0,6014,550361
4.88293,4.88293,965108736,1,0.0,6014,319344
4.53199,4.53199,198251520,0,0.0,6014,7925
4.71666,4.71666,400368640,0,0.0,6014,691416
4.60432,4.60432,243150848,0,0.0,6014,3475
4.59581,4.59581,195326976,1,0.0,6014,476023
4.81468,4.81468,191522816,0,0.0,6014,34504
4.34719,4.34719,177169408,1,0.0,6014,41795
4.42673,4.42673,638638080,1,0.0,6014,93483
4.80051,4.80051,249973760,0,0.0,6014,2802194
4.41458,4.41458,416979968,0,0.0,6014,274367
3.78354,3.78354,283710464,0,0.0,6014,328
4.55661,4.55661,2219650048,1,0.0,6014,336038
4.36364,4.36364,333560832,0,0.0,6014,87340
4.64655,4.64655,433762304,0,0.0,6014,288349
4.79636,4.79636,372580352,1,0.0,6014,20094
4.55561,4.55561,269911040,0,0.0,6014,75042
4.67096,4.67096,268194816,0,0.0,6014,41945
4.38532,4.38532,344483840,0,0.0,6014,172535
4.5793,4.5793,378742784,1,0.0,6014,21816
4.49899,4.49899,376754176,0,0.0,6014,366314
4.7394,4.7394,160282624,0,0.0,6014,3888934
4.62398,4.62398,44351488,0,0.0,6014,120185
4.85949,4.85949,200507392,0,0.0,6014,6363
4.72213,4.72213,342203392,1,0.0,6014,550361
4.88293,4.88293,965108736,1,0.0,6014,319344
4.34858,4.34858,217466880,0,0.0,6014,248255
4.90835,4.90835,312977408,0,0.0,6014,33563
3.51942,3.51942,170627072,0,0.0,6014,7774
4.46764,4.46764,164593664,0,0.0,6014,28032
4.17969,4.17969,1114997760,0,0.0,6014,13262
4.53199,4.53199,198251520,0,0.0,6014,7925
4.71666,4.71666,400368640,0,0.0,6014,691416
4.59581,4.59581,195326976,1,0.0,6014,476023
4.81468,4.81468,191522816,0,0.0,6014,34504
4.34719,4.34719,177169408,1,0.0,6014,41795
4.42673,4.42673,638638080,1,0.0,6014,93483
4.80051,4.80051,249973760,0,0.0,6014,2802194
4.41458,4.41458,416979968,0,0.0,6014,274367
3.78354,3.78354,283710464,0,0.0,6014,328
4.53031,4.53031,769283072,1,0.0,6014,71702
4.55661,4.55661,2219650048,1,0.0,6014,336038
4.67687,4.67687,636035072,1,0.0,6014,374043
4.79636,4.79636,372580352,1,0.0,6014,20094
4.69685,4.69685,261325824,0,0.0,6014,19172
4.72146,4.72146,365704192,0,0.0,6014,104054
4.70614,4.70614,1928303616,1,0.0,6014,605297
4.55561,4.55561,269911040,0,0.0,6014,75042
4.67096,4.67096,268194816,0,0.0,6014,41945
4.38532,4.38532,344483840,0,0.0,6014,172535
4.92325,4.92325,146664448,0,0.0,6014,9251
4.57791,4.57791,364262400,0,0.0,6014,114882
4.45678,4.45678,151165952,0,0.0,6014,50142
4.5793,4.5793,378742784,1,0.0,6014,21816
4.49899,4.49899,376754176,0,0.0,6014,366314
4.59508,4.59508,248997888,0,0.0,6014,19663
4.85871,4.85871,755813376,1,0.0,6014,50160
4.66675,4.66675,237308928,0,0.0,6014,4216
4.70446,4.70446,338360320,1,0.0,6014,301675
4.48471,4.48471,237937664,0,0.0,6014,42448
4.59536,4.59536,299543552,0,0.0,6014,165370
4.89196,4.89196,408351744,0,0.0,6014,143642
4.44034,4.44034,207042560,0,0.0,6014,11325
4.80638,4.80638,266653696,0,0.0,6014,37791
4.69684,4.69684,202080256,0,0.0,6014,747501
3.94071,3.94071,217648128,1,0.0,6014,42787
4.85337,4.85337,1279828992,1,0.0,6014,752980
4.88284,4.88284,169531392,0,0.0,6014,23190
4.54568,4.54568,2012945408,0,0.0,6014,383
4.59947,4.59947,3563843584,1,0.0,6014,27918
4.49106,4.49106,865970176,0,0.0,6014,1232
4.34497,4.34497,1349620736,0,0.0,6014,89830
4.24083,4.24083,463626240,1,0.0,6014,24046
4.71035,4.71035,357779456,0,0.0,6014,18785
4.56852,4.56852,430727168,0,0.0,6014,74038
4.72405,4.72405,298980352,0,0.0,6014,386593
4.82337,4.82337,162124800,1,0.0,6014,707272
4.56248,4.56248,494500864,0,0.0,6014,280147
4.49996,4.49996,240638976,1,0.0,6014,465607
4.14562,4.14562,276460544,0,0.0,6014,2431
4.72032,4.72032,433093632,0,0.0,6014,43494
4.57569,4.57569,382776320,0,0.0,6014,112584
4.73203,4.73203,130743296,1,0.0,6014,248420
4.79033,4.79033,211951616,0,0.0,6014,38854
3.98498,3.98498,26095616,0,0.0,6014,220833
4.57414,4.57414,184979456,0,0.0,6014,374290
4.54212,4.54212,180584448,0,0.0,6014,43990
4.43159,4.43159,424357888,0,0.0,6014,93318
4.3989,4.3989,193022976,0,0.0,6014,64404
4.66812,4.66812,700018688,0,0.0,6014,591437
4.41605,4.41605,176978944,0,0.0,6014,30667
4.67865,4.67865,45467648,0,0.0,6014,2614
4.34884,4.34884,262817792,1,0.0,6014,782226
4.50656,4.50656,221087744,0,0.0,6014,501594
4.65852,4.65852,222320640,0,0.0,6014,28412
4.23756,4.23756,1230920704,1,0.0,6014,24011
4.74759,4.74759,1045825536,1,0.0,6014,101046
4.53411,4.53411,322314240,0,0.0,6014,15420
4.45251,4.45251,137755648,1,0.0,6014,6128
4.42568,4.42568,350014464,0,0.0,6014,13200
4.0866,4.0866,983680000,0,0.0,6014,1582
4.79549,4.79549,525242368,0,0.0,6014,36909
4.57764,4.57764,186850304,0,0.0,6014,32946
4.3655,4.3655,332726272,0,0.0,6014,249690
4.58826,4.58826,214221824,0,0.0,6014,2294792
4.49679,4.49679,330516480,0,0.0,6014,360780
4.82348,4.82348,556993536,0,0.0,6014,28513
4.59651,4.59651,169499648,1,0.0,6014,57870
4.88729,4.88729,249123840,0,0.0,6014,141110
4.61049,4.61049,343288832,0,0.0,6014,87435
4.77206,4.77206,3243291648,1,0.0,6014,977946
4.81193,4.81193,239586304,0,0.0,6014,23534
4.71088,4.71088,131918848,0,0.0,6014,190944
4.43313,4.43313,1568589824,1,0.0,6014,46852
4.60043,4.60043,267237376,0,0.0,6014,68608
4.73719,4.73719,317115392,1,0.0,6014,90770
4.21514,4.21514,1084275712,0,0.0,6014,52514
4.66321,4.66321,276051968,1,0.0,6014,151014
4.59471,4.59471,202637312,0,0.0,6014,511413
4.67454,4.67454,707003392,0,0.0,6014,10674
4.27121,4.27121,214433792,1,0.0,6014,11061
4.04244,4.04244,172136448,1,0.0,6014,8317
4.72208,4.72208,207944704,0,0.0,6014,111831
4.92297,4.92297,606408704,1,0.0,6014,230267
4.28017,4.28017,285097984,0,0.0,6014,464
4.52904,4.52904,232514560,0,0.0,6014,3977
4.61892,4.61892,1610270720,0,0.0,6014,21195
0.0,0.0,341595136,0,0.0,6014,0
4.50298,4.50298,134063104,0,0.0,6014,60832
4.43783,4.43783,129567744,0,0.0,6014,89121
4.7542,4.7542,1034369024,0,0.0,6014,121246
4.65779,4.65779,3103031296,1,0.0,6014,175374
4.63956,4.63956,217501696,0,0.0,6014,2877
4.57059,4.57059,596939776,0,0.0,6014,429201
4.87295,4.87295,241002496,0,0.0,6014,78597
4.72679,4.72679,111636480,0,0.0,6014,101438
4.67778,4.67778,252056576,0,0.0,6014,180255
4.00179,4.00179,1310837760,0,0.0,6014,30786
4.4524,4.4524,252563456,1,0.0,6014,242472
4.50038,4.50038,1842068480,1,0.0,6014,163485
4.37906,4.37906,3755137024,0,0.0,6014,3725
4.70101,4.70101,271993856,1,0.0,6014,250249
4.60358,4.60358,254123008,0,0.0,6014,5199
4.7683,4.7683,323185664,1,0.0,6014,107770
4.67309,4.67309,209207296,0,0.0,6014,355793
4.80026,4.80026,193828864,0,0.0,6014,3099
4.71051,4.71051,240519168,0,0.0,6014,461854
4.62525,4.62525,258998272,1,0.0,6014,480536
4.6749,4.6749,216248320,1,0.0,6014,179132
4.56961,4.56961,332632064,0,0.0,6014,28107
4.23589,4.23589,435789824,0,0.0,6014,16669
4.5476,4.5476,1406671872,1,0.0,6014,113641
4.85045,4.85045,492142592,0,0.0,6014,649799
4.86516,4.86516,343160832,0,0.0,6014,17168
4.95526,4.95526,164562944,0,0.0,6014,61865
4.78594,4.78594,219866112,0,0.0,6014,96713
4.58388,4.58388,1309889536,0,0.0,6014,33668
4.76072,4.76072,458762240,0,0.0,6014,136935
4.73273,4.73273,273342464,0,0.0,6014,26026
4.62263,4.62263,289510400,0,0.0,6014,220838
4.84937,4.84937,151200768,1,0.0,6014,9208
4.73635,4.73635,460496896,0,0.0,6014,38817
4.57015,4.57015,757131264,0,0.0,6014,1347
4.65001,4.65001,65652736,0,0.0,6014,10575
4.49613,4.49613,275780608,0,0.0,6014,74259
4.77687,4.77687,387028992,1,0.0,6014,687009
4.79364,4.79364,97899520,0,0.0,6014,88841
4.70068,4.70068,235927552,0,0.0,6014,278584
4.6615,4.6615,221063168,0,0.0,6014,86394
4.52733,4.52733,255140864,0,0.0,6014,35012
4.63676,4.63676,432654336,0,0.0,6014,27786
4.82544,4.82544,189463552,0,0.0,6014,16143
4.69156,4.69156,296023040,0,0.0,6014,48946
4.75474,4.75474,33807360,1,0.0,6014,90407
4.01653,4.01653,357640192,0,0.0,6014,242
4.66193,4.66193,245933056,0,0.0,6014,28340
4.27453,4.27453,373878784,0,0.0,6014,1060
4.6935,4.6935,729950208,0,0.0,6014,18163
4.89943,4.89943,264745984,0,0.0,6014,136117
4.49726,4.49726,1503665152,0,0.0,6014,162577
4.81829,4.81829,212120576,0,0.0,6014,36123
4.85423,4.85423,209376256,1,0.0,6014,423157
4.63021,4.63021,334036992,0,0.0,6014,78268
4.58793,4.58793,321652736,1,0.0,6014,255556
3.78619,3.78619,325499904,0,0.0,6014,449
4.73911,4.73911,354118656,0,0.0,6014,2112
3.25441,3.25441,55849984,0,0.0,6014,2209
3.92893,3.92893,1738934272,1,0.0,6014,120316
4.51987,4.51987,330479616,0,0.0,6014,281434
4.92494,4.92494,211180544,0,0.0,6014,22741
4.65132,4.65132,156400640,1,0.0,6014,568503
4.68065,4.68065,205279232,0,0.0,6014,12638
4.76117,4.76117,653614080,1,0.0,6014,582
4.61444,4.61444,491943936,0,0.0,6014,10499
4.83283,4.83283,351628288,0,0.0,6014,455400
4.6363,4.6363,256303104,0,0.0,6014,1383
4.54282,4.54282,433161216,0,0.0,6014,155408
4.74496,4.74496,328538112,0,0.0,6014,45217
4.71508,4.71508,395863040,0,0.0,6014,2459678
4.58976,4.58976,297856000,0,0.0,6014,489463
4.80546,4.80546,119040000,1,0.0,6014,80333
4.76269,4.76269,292659200,1,0.0,6014,249318
4.71643,4.71643,470799360,1,0.0,6014,232924
4.62092,4.62092,514429952,0,0.0,6014,186765
4.66603,4.66603,327089152,0,0.0,6014,2599
3.90098,3.90098,316973056,0,0.0,6014,3858
4.80736,4.80736,431085568,1,0.0,6014,116623
4.9,4.9,714328064,0,0.0,6014,110
4.76137,4.76137,119911424,0,0.0,6014,27629
4.62406,4.62406,175690752,1,0.0,6014,74628
4.2375,4.2375,232548352,0,0.0,6014,160
4.04079,4.04079,254987264,0,0.0,6014,6571
4.91575,4.91575,506783744,0,0.0,6014,68961
4.53585,4.53585,97025024,0,0.0,6014,229253
4.69374,4.69374,758115328,0,0.0,6014,122563
4.59917,4.59917,2264999936,0,0.0,6014,402459
4.53287,4.53287,241128448,0,0.0,6014,258983
4.72938,4.72938,278365184,0,0.0,6014,31350
4.72093,4.72093,181633024,0,0.0,6014,661110
4.4583,4.4583,1021456384,0,0.0,6014,22854
4.41004,4.41004,88561664,1,0.0,6014,11077
4.74188,4.74188,1900057600,0,0.0,6014,1755
4.4206,4.4206,247189504,1,0.0,6014,59218
4.18419,4.18419,272861184,0,0.0,6014,14442
4.67778,4.67778,252056576,0,0.0,6014,180255
4.00179,4.00179,1310837760,0,0.0,6014,30786
4.4524,4.4524,252563456,1,0.0,6014,242472
4.21186,4.21186,284272640,0,0.0,6014,118
4.89852,4.89852,48278528,1,0.0,6014,43209
4.66404,4.66404,193314816,0,0.0,6014,490050
4.80588,4.80588,260995072,0,0.0,6014,16248
4.15352,4.15352,1470642176,0,0.0,6014,1166
4.67713,4.67713,120868864,0,0.0,6014,20494
3.7753,3.7753,2815311872,0,0.0,6014,672
4.50038,4.50038,1842068480,1,0.0,6014,163485
4.53146,4.53146,246103040,0,0.0,6014,160906
4.74174,4.74174,184519680,0,0.0,6014,4879
4.68212,4.68212,135901184,0,0.0,6014,768779
4.70101,4.70101,271993856,1,0.0,6014,250249
4.60013,4.60013,176006144,0,0.0,6014,32588
4.67309,4.67309,209207296,0,0.0,6014,355793
3.43966,3.43966,59159552,0,0.0,6014,464
4.7619,4.7619,244741120,0,0.0,6014,10466
4.7514,4.7514,105862144,0,0.0,6014,127123
4.89449,4.89449,285637632,1,0.0,6014,34509
4.08854,4.08854,239813632,0,0.0,6014,847
4.83392,4.83392,408506368,0,0.0,6014,376343
4.77541,4.77541,169795584,0,0.0,6014,10339
4.71051,4.71051,240519168,0,0.0,6014,461854
4.40765,4.40765,220140544,0,0.0,6014,106993
4.44655,4.44655,225201152,0,0.0,6014,61478
4.65404,4.65404,245801984,0,0.0,6014,277446
4.20455,4.20455,159009792,0,0.0,6014,176
4.72846,4.72846,721025024,1,0.0,6014,530061
4.82111,4.82111,250635264,0,0.0,6014,6798
4.77698,4.77698,330903552,0,0.0,6014,4484
4.26071,4.26071,49970176,1,0.0,6014,794
4.6749,4.6749,216248320,1,0.0,6014,179132
4.60472,4.60472,745519104,0,0.0,6014,21415
4.56961,4.56961,332632064,0,0.0,6014,28107
4.57829,4.57829,253980672,0,0.0,6014,7830
4.23589,4.23589,435789824,0,0.0,6014,16669
4.8071,4.8071,280623104,1,0.0,6014,193082
4.59905,4.59905,288245760,0,0.0,6014,201840
4.80711,4.80711,225119232,0,0.0,6014,172554
4.5476,4.5476,1406671872,1,0.0,6014,113641
4.68111,4.68111,339689472,0,0.0,6014,107111
4.50419,4.50419,324782080,1,0.0,6014,77744
4.63353,4.63353,1366973440,0,0.0,6014,49153
4.86516,4.86516,343160832,0,0.0,6014,17168
4.78594,4.78594,219866112,0,0.0,6014,96713
4.67204,4.67204,368005120,1,0.0,6014,372
4.42169,4.42169,1990733824,0,0.0,6014,7266
4.86233,4.86233,214745088,0,0.0,6014,24944
4.61136,4.61136,381142016,0,0.0,6014,2483
4.73273,4.73273,273342464,0,0.0,6014,26026
4.62263,4.62263,289510400,0,0.0,6014,220838
4.84937,4.84937,151200768,1,0.0,6014,9208
4.82756,4.82756,122656768,0,0.0,6014,9099
0.0,0.0,2216358912,0,0.0,6014,0
4.66506,4.66506,194690048,0,0.0,6014,339127
4.57015,4.57015,757131264,0,0.0,6014,1347
4.65001,4.65001,65652736,0,0.0,6014,10575
4.6582,4.6582,417695744,0,0.0,6014,86539
4.70397,4.70397,524976128,0,0.0,6014,2189
4.70819,4.70819,391605248,0,0.0,6014,79765
4.65772,4.65772,283912192,0,0.0,6014,34533
4.77687,4.77687,387028992,1,0.0,6014,687009
4.26976,4.26976,135779328,0,0.0,6014,21886
4.66905,4.66905,278850560,0,0.0,6014,17740
4.57885,4.57885,229039104,0,0.0,6014,9377
3.99237,3.99237,380096512,0,0.0,6014,131
4.732,4.732,180696064,0,0.0,6014,2056
4.47279,4.47279,235936768,1,0.0,6014,15988
4.49434,4.49434,283584512,0,0.0,6014,218085
4.79364,4.79364,97899520,0,0.0,6014,88841
4.52733,4.52733,255140864,0,0.0,6014,35012
4.5563,4.5563,353662976,0,0.0,6014,79580
4.73541,4.73541,281530368,0,0.0,6014,54412
4.69156,4.69156,296023040,0,0.0,6014,48946
4.75474,4.75474,33807360,1,0.0,6014,90407
4.89454,4.89454,341901312,1,0.0,6014,21193
4.72982,4.72982,395286528,1,0.0,6014,719146
4.6351,4.6351,307738624,0,0.0,6014,53914
4.8394,4.8394,444665856,1,0.0,6014,121174
4.69071,4.69071,400195584,0,0.0,6014,96599
4.68379,4.68379,431004672,0,0.0,6014,72914
4.76047,4.76047,415235072,0,0.0,6014,57689
4.65827,4.65827,210940928,0,0.0,6014,183066
4.50725,4.50725,319951872,1,0.0,6014,469056
4.80673,4.80673,293107712,0,0.0,6014,99492
4.53176,4.53176,421221376,1,0.0,6014,4015
4.36498,4.36498,427912192,1,0.0,6014,321309
4.54473,4.54473,224016384,1,0.0,6014,11760
4.62744,4.62744,565223424,0,0.0,6014,121774
4.58793,4.58793,321652736,1,0.0,6014,255556
4.53817,4.53817,211790848,0,0.0,6014,461915
4.51656,4.51656,809987072,1,0.0,6014,755
4.82275,4.82275,1646654464,1,0.0,6014,7577
4.76093,4.76093,225503232,0,0.0,6014,27486
4.68351,4.68351,243722240,0,0.0,6014,502289
3.25441,3.25441,55849984,0,0.0,6014,2209
4.82686,4.82686,324406272,0,0.0,6014,1236
4.6525,4.6525,369323008,0,0.0,6014,800
4.51987,4.51987,330479616,0,0.0,6014,281434
4.92494,4.92494,211180544,0,0.0,6014,22741
4.82081,4.82081,233004032,1,0.0,6014,116437
4.74967,4.74967,361871360,0,0.0,6014,697544
4.18309,4.18309,291226624,0,0.0,6014,64121
4.61444,4.61444,491943936,0,0.0,6014,10499
4.588,4.588,282970112,0,0.0,6014,118475
4.76305,4.76305,269076480,0,0.0,6014,729712
4.55311,4.55311,685303808,0,0.0,6014,76212
4.64109,4.64109,235241472,0,0.0,6014,8172
4.6363,4.6363,256303104,0,0.0,6014,1383
3.50698,3.50698,20410368,0,0.0,6014,215
4.5434,4.5434,267919360,0,0.0,6014,158841
4.57484,4.57484,282854400,0,0.0,6014,40158
4.54282,4.54282,433161216,0,0.0,6014,155408
4.85199,4.85199,362911744,0,0.0,6014,19952
4.30558,4.30558,461824000,0,0.0,6014,18715
1.0,1.0,149010432,0,0.0,6014,2
4.55436,4.55436,271255552,0,0.0,6014,5913
4.76387,4.76387,221400064,0,0.0,6014,624906
4.72091,4.72091,418718720,1,0.0,6014,14200
4.66603,4.66603,327089152,0,0.0,6014,2599
4.56876,4.56876,395828224,0,0.0,6014,31695
4.69187,4.69187,358136832,1,0.0,6014,131138
4.94814,4.94814,169728000,0,0.0,6014,85145
4.66859,4.66859,320334848,0,0.0,6014,50945
4.76137,4.76137,119911424,0,0.0,6014,27629
4.04079,4.04079,254987264,0,0.0,6014,6571
4.64489,4.64489,229340160,0,0.0,6014,19842
4.36663,4.36663,143916032,0,0.0,6014,8210
4.66718,4.66718,317848576,0,0.0,6014,412437
4.53585,4.53585,97025024,0,0.0,6014,229253
4.36158,4.36158,166745088,0,0.0,6014,2301
4.69374,4.69374,758115328,0,0.0,6014,122563
4.79061,4.79061,246779904,1,0.0,6014,1245758
4.4738,4.4738,413792256,0,0.0,6014,15266
4.72938,4.72938,278365184,0,0.0,6014,31350
4.72093,4.72093,181633024,0,0.0,6014,661110
3.02041,3.02041,262518784,1,0.0,6014,49
4.4583,4.4583,1021456384,0,0.0,6014,22854
4.52574,4.52574,391752704,1,0.0,6014,517417
4.85462,4.85462,259369984,0,0.0,6014,136957
4.48635,4.48635,253686784,0,0.0,6014,113880
4.41004,4.41004,88561664,1,0.0,6014,11077
4.6349,4.6349,634951680,1,0.0,6014,41964
4.80124,4.80124,396871680,0,0.0,6014,5806
4.76108,4.76108,87084032,0,0.0,6014,49330
4.69019,4.69019,230740992,0,0.0,6014,92651
4.58018,4.58018,304070656,1,0.0,6014,185872
4.47905,4.47905,192020480,1,0.0,6014,27725
4.63166,4.63166,428606464,0,0.0,6014,8256
4.68246,4.68246,2178946048,1,0.0,6014,69194
4.71448,4.71448,253533184,0,0.0,6014,42957
4.75469,4.75469,188463104,0,0.0,6014,36970
4.6134,4.6134,250531840,0,0.0,6014,16301
4.70965,4.70965,303763456,0,0.0,6014,16091
4.01053,4.01053,218277888,1,0.0,6014,190
4.67563,4.67563,157020160,0,0.0,6014,126172
4.63697,4.63697,417537024,0,0.0,6014,229021
4.64511,4.64511,293640192,0,0.0,6014,84363
4.70984,4.70984,410120192,0,0.0,6014,73191
4.70629,4.70629,520202240,0,0.0,6014,1069812
4.61125,4.61125,304942080,1,0.0,6014,86439
4.76971,4.76971,1510526976,0,0.0,6014,1915
4.53676,4.53676,3965507584,0,0.0,6014,8488
4.87567,4.87567,243035136,1,0.0,6014,61198
4.51593,4.51593,631735296,0,0.0,6014,44703
4.73193,4.73193,138929152,1,0.0,6014,79849
4.45023,4.45023,526659584,0,0.0,6014,443829
3.27778,3.27778,270789632,0,0.0,6014,18
4.66019,4.66019,287832064,0,0.0,6014,136138
4.68244,4.68244,134804480,1,0.0,6014,5155
4.67506,4.67506,328607744,0,0.0,6014,7186
4.77757,4.77757,493972480,1,0.0,6014,88425
4.44895,4.44895,190106624,0,0.0,6014,26227
4.85925,4.85925,183324672,0,0.0,6014,34941
4.91659,4.91659,124403712,0,0.0,6014,28871
4.75119,4.75119,831377408,0,0.0,6014,16330
4.79545,4.79545,185960448,0,0.0,6014,220
4.26509,4.26509,97421312,0,0.0,6014,3463
4.48153,4.48153,1405237248,0,0.0,6014,9042
4.76136,4.76136,655175680,1,0.0,6014,386810
4.63307,4.63307,599920640,0,0.0,6014,140658
4.15942,4.15942,85607424,1,0.0,6014,138
4.40221,4.40221,1153240064,0,0.0,6014,542
4.28409,4.28409,175325184,0,0.0,6014,205171
4.64374,4.64374,431591424,0,0.0,6014,174260
4.58765,4.58765,336815104,0,0.0,6014,163315
4.713,4.713,373390336,1,0.0,6014,907397
4.2021,4.2021,304862208,0,0.0,6014,7719
4.66233,4.66233,246784000,0,0.0,6014,19981
4.8755,4.8755,113468416,1,0.0,6014,18089
3.34568,3.34568,389253120,0,0.0,6014,81
4.8076,4.8076,223330304,0,0.0,6014,41695
4.67005,4.67005,208416768,0,0.0,6014,22985
4.69864,4.69864,773082112,1,0.0,6014,299156
4.57602,4.57602,309967872,0,0.0,6014,143408
4.6006,4.6006,265893888,0,0.0,6014,83557
4.686,4.686,135851008,0,0.0,6014,68404
4.77757,4.77757,493972480,1,0.0,6014,88425
4.87587,4.87587,95584256,0,0.0,6014,29445
4.48635,4.48635,253686784,0,0.0,6014,113880
4.949,4.949,443711488,1,0.0,6014,31001
4.70629,4.70629,520202240,0,0.0,6014,1069812
4.59109,4.59109,473457664,0,0.0,6014,219094
4.26509,4.26509,97421312,0,0.0,6014,3463
4.49491,4.49491,1062935552,0,6.99,6014,649107
4.35294,4.35294,353869824,0,0.0,6014,340
4.11461,4.11461,77785088,1,0.0,6014,17966
4.70984,4.70984,410120192,0,0.0,6014,73191
4.40998,4.40998,213869568,0,0.0,6014,1222
4.69482,4.69482,720328704,1,0.0,6014,403695
4.55122,4.55122,1272226816,0,0.0,6014,57688
4.29853,4.29853,311370752,0,0.0,6014,81097
4.65925,4.65925,2958654464,1,0.0,6014,198264
4.14815,4.14815,1191821312,1,0.0,6014,216
4.58239,4.58239,1588126720,0,0.0,6014,19346
4.49824,4.49824,265005056,1,0.0,6014,142739
4.49193,4.49193,280855552,1,0.0,6014,28550
4.5751,4.5751,285346816,0,0.0,6014,6757
4.67717,4.67717,294205440,1,0.0,6014,13648
4.66944,4.66944,477333504,0,0.0,6014,280702
4.1212,4.1212,11328512,0,0.0,6014,33
4.78972,4.78972,113140736,1,0.0,6014,508034
4.54997,4.54997,232116224,0,0.0,6014,257734
4.8076,4.8076,223330304,0,0.0,6014,41695
4.43624,4.43624,289687552,1,0.0,6014,298
4.60629,4.60629,3923246080,1,0.0,6014,5471
4.58993,4.58993,143054848,0,0.0,6014,9930
4.82587,4.82587,735728640,0,0.0,6014,5582
4.34755,4.34755,455508992,0,0.0,6014,25253
4.59866,4.59866,165934080,1,0.0,6014,212500
4.64311,4.64311,335941632,0,0.0,6014,31343
4.67619,4.67619,1796199424,1,0.0,6014,1575
4.50218,4.50218,280075264,1,0.0,6014,22595
4.62092,4.62092,1693371392,1,0.0,6014,77061
4.63699,4.63699,185712640,1,0.0,6014,31682
4.79545,4.79545,185960448,0,0.0,6014,220
4.66233,4.66233,246784000,0,0.0,6014,19981
4.5221,4.5221,458545152,0,0.0,6014,26763
4.51396,4.51396,77973504,0,0.0,6014,308284
4.70896,4.70896,285981696,0,0.0,6014,50999
4.68168,4.68168,344464384,0,0.0,6014,101462
4.49677,4.49677,1152202752,0,0.0,6014,27512
4.65069,4.65069,1043213312,0,0.0,6014,30928
4.25589,4.25589,196719616,0,0.0,6014,59817
4.47742,4.47742,276846592,0,0.0,6014,9920
4.60791,4.60791,112365568,0,0.0,6014,219588
3.34568,3.34568,389253120,0,0.0,6014,81
4.5269,4.5269,191791104,0,0.0,6014,33629
4.76226,4.76226,272303104,0,0.0,6014,137514
4.7804,4.7804,302400512,0,0.0,6014,13160
4.6643,4.6643,276238336,1,0.0,6014,122817
4.80868,4.80868,156976128,0,0.0,6014,7490
4.76478,4.76478,96123904,0,0.0,6014,89721
4.85189,4.85189,233936896,0,0.0,6014,67956
4.64086,4.64086,199815168,0,0.0,6014,6719
4.6795,4.6795,275969024,0,0.0,6014,9395
4.69793,4.69793,380046336,0,0.0,6014,18198
4.79656,4.79656,244426752,0,0.0,6014,37804
3.98813,3.98813,1163186176,1,0.0,6014,2275
4.71882,4.71882,766325760,0,0.0,6014,141169
4.64928,4.64928,1635772416,0,0.0,6014,364424
4.774,4.774,1075210240,1,0.0,6014,216154
4.03185,4.03185,323623936,1,0.0,6014,157
4.39262,4.39262,303229952,0,0.0,6014,361212
4.86642,4.86642,396850176,1,0.0,6014,171212
4.60843,4.60843,491280384,0,0.0,6014,83773
4.53056,4.53056,259099648,0,0.0,6014,200137
4.68081,4.68081,298287104,0,0.0,6014,30383
4.5728,4.5728,2112854016,0,0.0,6014,23081
4.46741,4.46741,1856385024,1,0.0,6014,169389
4.65147,4.65147,170813440,0,0.0,6014,12989
3.7664,3.7664,1322649600,1,0.0,6014,1601
4.72628,4.72628,622306304,0,0.0,6014,182481
4.9649,4.9649,174411776,0,0.0,6014,1966
4.32041,4.32041,228101120,1,0.0,6014,7222
4.6457,4.6457,157076480,0,0.0,6014,159360
4.39946,4.39946,415574016,0,0.0,6014,10797
4.69482,4.69482,287834112,0,0.0,6014,24406
4.74417,4.74417,364463104,0,0.0,6014,150760
4.41607,4.41607,528617472,1,0.0,6014,211474
4.53354,4.53354,97577984,0,0.0,6014,210607
4.53335,4.53335,357934080,0,0.0,6014,70727
4.42309,4.42309,563232768,0,0.0,6014,6573
4.52855,4.52855,98050048,0,0.0,6014,13024
4.56189,4.56189,94950400,1,0.0,6014,102317
4.59136,4.59136,460366848,0,0.0,6014,4515
4.57763,4.57763,231328768,0,0.0,6014,71985
4.19039,4.19039,110562304,0,0.0,6014,11844
4.47961,4.47961,338349056,1,0.0,6014,212789
4.66273,4.66273,428251136,0,0.0,6014,90599
4.14208,4.14208,1175400448,1,0.0,6014,21627
4.70068,4.70068,204886016,0,0.0,6014,69928
4.49584,4.49584,797569024,0,0.0,6014,7686
3.93103,3.93103,6903808,0,0.0,6014,29
4.76823,4.76823,320443392,0,0.0,6014,28092
4.45734,4.45734,25399296,0,0.0,6014,26451
4.41833,4.41833,144956416,1,0.0,6014,23957
0.0,0.0,104138752,0,0.0,6014,0
4.35784,4.35784,100804608,0,0.0,6014,612
4.76736,4.76736,175943680,0,0.0,6014,147643
3.69231,3.69231,312672256,0,0.0,6014,26
4.59755,4.59755,368398336,0,0.0,6014,12295
4.53929,4.53929,898538496,1,0.0,6014,7419
4.49697,4.49697,245673984,0,0.0,6014,20311
4.67629,4.67629,524946432,0,0.0,6014,30422
4.8492,4.8492,327579648,0,0.0,6014,4337
4.92483,4.92483,393083904,0,0.0,6014,24560
4.51886,4.51886,216707072,1,0.0,6014,22719
4.67174,4.67174,858430464,1,0.0,6014,18412
4.61083,4.61083,134795264,0,0.0,6014,10461
4.64017,4.64017,1092426752,0,0.0,6014,478
4.63947,4.63947,244494336,0,0.0,6014,11239
4.65496,4.65496,1271461888,0,0.0,6014,72357
4.56357,4.56357,251203584,0,0.0,6014,149807
4.39835,4.39835,130173952,0,0.0,6014,26720
4.72806,4.72806,213037056,0,0.0,6014,25035
4.359,4.359,270746624,0,0.0,6014,15323
4.3605,4.3605,306771968,0,0.0,6014,16954
4.70381,4.70381,227315712,0,0.0,6014,16942
4.83448,4.83448,2279942144,1,0.0,6014,227997
4.63903,4.63903,235774976,0,0.0,6014,211456
4.49772,4.49772,188006400,0,0.0,6014,2194
4.60801,4.60801,2734261248,1,0.0,6014,142120
4.34293,4.34293,739636224,1,0.0,6014,27157
4.47322,4.47322,413870080,0,0.0,6014,91959
4.84124,4.84124,611256320,0,0.0,6014,11647
4.47609,4.47609,129258496,0,0.0,6014,4852
4.61254,4.61254,320941056,0,0.0,6014,110022
4.80477,4.80477,554056704,1,0.0,6014,55602
4.81445,4.81445,140687360,0,0.0,6014,127394
4.55693,4.55693,411208704,0,0.0,6014,182523
4.74533,4.74533,168546304,0,0.0,6014,859929
4.55741,4.55741,1021414400,1,0.0,6014,88015
4.31676,4.31676,155611136,0,0.0,6014,131017
4.51011,4.51011,174488576,0,0.0,6014,445
4.57143,4.57143,298701824,0,0.0,6014,91
4.70052,4.70052,322903040,0,0.0,6014,268913
3.97465,3.97465,374832128,1,0.0,6014,355
4.40466,4.40466,819766272,0,0.0,6014,53655
3.65306,3.65306,329049088,0,0.0,6014,49
4.04094,4.04094,160750592,1,0.0,6014,19689
4.53906,4.53906,427231232,0,0.0,6014,5697
4.76445,4.76445,274846720,0,0.0,6014,4046
4.71513,4.71513,284375040,0,0.0,6014,8467
4.67333,4.67333,1555332096,1,0.0,6014,4396
4.54143,4.54143,840472576,0,0.0,6014,108516
4.23416,4.23416,568574976,0,0.0,6014,4971
4.64565,4.64565,480543744,0,0.0,6014,274912
4.70341,4.70341,353179648,0,0.0,6014,95967
4.74348,4.74348,356941824,0,0.0,6014,100356
4.9156,4.9156,229300224,0,0.0,6014,34051
4.71582,4.71582,214746112,0,0.0,6014,2706
4.68916,4.68916,198167552,0,0.0,6014,98749
4.51129,4.51129,208347136,0,0.0,6014,35242
4.79014,4.79014,205681664,0,0.0,6014,2292
4.54502,4.54502,183503872,0,0.0,6014,510450
4.46993,4.46993,341015552,0,0.0,6014,25904
4.59661,4.59661,3036991488,1,0.0,6014,33300
4.55687,4.55687,225140736,1,0.0,6014,2277
4.04348,4.04348,158054400,0,0.0,6014,23
4.93886,4.93886,307812352,0,0.0,6014,4040
4.56585,4.56585,304402432,0,0.0,6014,233303
4.44961,4.44961,182721536,0,0.0,6014,6330
4.26513,4.26513,128045056,1,0.0,6014,3915
4.57673,4.57673,368964608,0,0.0,6014,61573
2.33333,2.33333,353192960,1,0.0,6014,3
4.82355,4.82355,254554112,0,0.0,6014,9839
4.56426,4.56426,154930176,0,0.0,6014,32031
4.83833,4.83833,432091136,0,0.0,6014,67059
4.25915,4.25915,227026944,1,0.0,6014,76095
4.43722,4.43722,436068352,1,0.0,6014,60693
4.53867,4.53867,297495552,0,0.0,6014,305608
4.09482,4.09482,548118528,0,0.0,6014,1255
4.5061,4.5061,258456576,1,0.0,6014,103729
4.74469,4.74469,1229740032,0,0.0,6014,121475
4.59928,4.59928,168710144,0,0.0,6014,29889
4.67875,4.67875,4335050752,1,0.0,6014,30149
3.81371,3.81371,190069760,1,0.0,6014,16893
4.7079,4.7079,263808000,0,0.0,6014,291
4.4524,4.4524,2738551808,1,0.0,6014,64250
4.57731,4.57731,230921216,0,0.0,6014,16492
4.77093,4.77093,271028224,0,0.0,6014,108546
4.07789,4.07789,2201981952,0,0.0,6014,2606
4.26753,4.26753,258610176,0,0.0,6014,7143
4.69649,4.69649,2018230272,0,0.0,6014,45919
4.6943,4.6943,233132032,0,0.0,6014,68443
4.56254,4.56254,181468160,0,0.0,6014,70920
4.69975,4.69975,394226688,0,0.0,6014,39071
4.54179,4.54179,87625728,0,0.0,6014,169122
4.64642,4.64642,524967936,0,0.0,6014,14073
4.67163,4.67163,440779776,0,0.0,6014,512025
4.09638,4.09638,558564352,1,0.0,6014,23481
4.07143,4.07143,208846848,0,0.0,6014,14
4.66486,4.66486,183558144,0,0.0,6014,471638
4.77721,4.77721,178444288,0,0.0,6014,22757
4.65496,4.65496,1271461888,0,0.0,6014,72357
4.63947,4.63947,244494336,0,0.0,6014,11239
4.64017,4.64017,1092426752,0,0.0,6014,478
4.56357,4.56357,251203584,0,0.0,6014,149807
4.39835,4.39835,130173952,0,0.0,6014,26720
4.359,4.359,270746624,0,0.0,6014,15323
4.70381,4.70381,227315712,0,0.0,6014,16942
4.3605,4.3605,306771968,0,0.0,6014,16954
4.83448,4.83448,2279942144,1,0.0,6014,227997
4.65946,4.65946,261214208,0,0.0,6014,80664
4.49772,4.49772,188006400,0,0.0,6014,2194
4.63903,4.63903,235774976,0,0.0,6014,211456
4.60801,4.60801,2734261248,1,0.0,6014,142120
4.47322,4.47322,413870080,0,0.0,6014,91959
4.34293,4.34293,739636224,1,0.0,6014,27157
4.84124,4.84124,611256320,0,0.0,6014,11647
4.55999,4.55999,199869440,0,0.0,6014,25
4.61254,4.61254,320941056,0,0.0,6014,110022
4.81445,4.81445,140687360,0,0.0,6014,127394
4.05047,4.05047,878785536,0,0.0,6014,2140
4.55693,4.55693,411208704,0,0.0,6014,182523
4.55741,4.55741,1021414400,1,0.0,6014,88015
4.74533,4.74533,168546304,0,0.0,6014,859929
4.31676,4.31676,155611136,0,0.0,6014,131017
4.00547,4.00547,280045568,0,0.0,6014,3471
4.6369,4.6369,305818624,1,0.0,6014,118512
4.70052,4.70052,322903040,0,0.0,6014,268913
4.40466,4.40466,819766272,0,0.0,6014,53655
3.97465,3.97465,374832128,1,0.0,6014,355
3.65306,3.65306,329049088,0,0.0,6014,49
4.77447,4.77447,163122176,0,0.0,6014,235
4.53906,4.53906,427231232,0,0.0,6014,5697
4.71513,4.71513,284375040,0,0.0,6014,8467
4.67333,4.67333,1555332096,1,0.0,6014,4396
4.54143,4.54143,840472576,0,0.0,6014,108516
4.23416,4.23416,568574976,0,0.0,6014,4971
4.64984,4.64984,530422784,0,0.0,6014,157212
4.74348,4.74348,356941824,0,0.0,6014,100356
4.70341,4.70341,353179648,0,0.0,6014,95967
4.76173,4.76173,633139200,1,0.0,6014,7110
4.9156,4.9156,229300224,0,0.0,6014,34051
4.71582,4.71582,214746112,0,0.0,6014,2706
4.68916,4.68916,198167552,0,0.0,6014,98749
4.51129,4.51129,208347136,0,0.0,6014,35242
4.54502,4.54502,183503872,0,0.0,6014,510450
4.79014,4.79014,205681664,0,0.0,6014,2292
4.46993,4.46993,341015552,0,0.0,6014,25904
4.59661,4.59661,3036991488,1,0.0,6014,33300
4.04348,4.04348,158054400,0,0.0,6014,23
4.55687,4.55687,225140736,1,0.0,6014,2277
4.93886,4.93886,307812352,0,0.0,6014,4040
4.56585,4.56585,304402432,0,0.0,6014,233303
4.44961,4.44961,182721536,0,0.0,6014,6330
4.26513,4.26513,128045056,1,0.0,6014,3915
4.57673,4.57673,368964608,0,0.0,6014,61573
2.33333,2.33333,353192960,1,0.0,6014,3
4.74754,4.74754,1836144640,1,0.0,6014,99772
4.56426,4.56426,154930176,0,0.0,6014,32031
4.53064,4.53064,1445967872,0,0.0,6014,136473
4.86681,4.86681,553371648,0,0.0,6014,18997
4.83833,4.83833,432091136,0,0.0,6014,67059
4.25915,4.25915,227026944,1,0.0,6014,76095
4.43722,4.43722,436068352,1,0.0,6014,60693
4.53867,4.53867,297495552,0,0.0,6014,305608
4.50059,4.50059,284794880,0,0.0,6014,7629
4.70878,4.70878,252734464,0,0.0,6014,3094
4.09482,4.09482,548118528,0,0.0,6014,1255
4.5061,4.5061,258456576,1,0.0,6014,103729
4.74469,4.74469,1229740032,0,0.0,6014,121475
4.59928,4.59928,168710144,0,0.0,6014,29889
4.58247,4.58247,387159040,0,0.0,6014,3104
4.67875,4.67875,4335050752,1,0.0,6014,30149
3.81371,3.81371,190069760,1,0.0,6014,16893
4.4524,4.4524,2738551808,1,0.0,6014,64250
4.7079,4.7079,263808000,0,0.0,6014,291
4.57731,4.57731,230921216,0,0.0,6014,16492
4.07789,4.07789,2201981952,0,0.0,6014,2606
4.77093,4.77093,271028224,0,0.0,6014,108546
4.38496,4.38496,756094976,0,0.0,6014,77439
4.69649,4.69649,2018230272,0,0.0,6014,45919
4.56254,4.56254,181468160,0,0.0,6014,70920
4.64642,4.64642,524967936,0,0.0,6014,14073
4.67163,4.67163,440779776,0,0.0,6014,512025
4.07143,4.07143,208846848,0,0.0,6014,14
4.09638,4.09638,558564352,1,0.0,6014,23481
4.15033,4.15033,255415296,0,0.0,6014,4284
4.66486,4.66486,183558144,0,0.0,6014,471638
4.64304,4.64304,344239104,0,0.0,6014,2723
4.7173,4.7173,210720768,0,0.0,6014,711
3.22222,3.22222,152196096,0,0.0,6014,18
4.46896,4.46896,374832128,0,0.0,6014,55908
4.60496,4.60496,456455168,0,0.0,6014,2139
4.84875,4.84875,262831104,1,0.0,6014,16668
4.61477,4.61477,501915648,1,0.0,6014,115715
4.60619,4.60619,364640256,1,0.0,6014,2166
4.68635,4.68635,327345152,0,0.0,6014,2388
4.43384,4.43384,288143360,0,0.0,6014,28314
4.46311,4.46311,232690688,0,0.0,6014,69946
4.79495,4.79495,1803741184,0,0.0,6014,11495
4.66314,4.66314,310972416,0,0.0,6014,41139
4.67793,4.67793,158094336,1,0.0,6014,167376
4.14733,4.14733,3046851584,0,0.0,6014,43235
4.29321,4.29321,900962304,1,0.0,6014,90982
4.71171,4.71171,348032000,0,0.0,6014,3455
4.6436,4.6436,159964160,0,0.0,6014,168626
4.71635,4.71635,239454208,0,0.0,6014,58903
4.38313,4.38313,148302848,1,0.0,6014,10537
4.83722,4.83722,145562624,1,0.0,6014,61772
4.3812,4.3812,240698368,1,0.0,6014,19562
4.72145,4.72145,1256678400,0,0.0,6014,25292
4.76625,4.76625,311963648,1,0.0,6014,2400
4.48693,4.48693,339082240,0,0.0,6014,91114
4.24042,4.24042,1533188096,1,0.0,6014,17777
4.24624,4.24624,388017152,1,0.0,6014,12557
4.65599,4.65599,327352320,0,0.0,6014,19444
2.78867,2.78867,480370688,0,0.0,6014,6776
4.78284,4.78284,196587520,0,0.0,6014,3449
4.59548,4.59548,283291648,0,0.0,6014,35724
4.6848,4.6848,335971328,1,0.0,6014,6488
4.72753,4.72753,183217152,1,0.0,6014,52278
4.69234,4.69234,336833536,0,0.0,6014,289680
4.29694,4.29694,212894720,0,0.0,6014,16660
4.69716,4.69716,234194944,0,0.0,6014,6264
4.56048,4.56048,137172992,0,0.0,6014,375324
4.88575,4.88575,243886080,0,0.0,6014,58224
3.48309,3.48309,161529856,0,0.0,6014,3401
4.31457,4.31457,335565824,1,0.0,6014,50494
4.84002,4.84002,302082048,0,0.0,6014,18166
4.08323,4.08323,343737344,0,0.0,6014,1562
4.80811,4.80811,242191360,1,0.0,6014,95017
4.66554,4.66554,522375168,0,0.0,6014,57388
4.13699,4.13699,159282176,0,0.0,6014,146
4.52292,4.52292,529613824,1,0.0,6014,109146
4.73278,4.73278,310793216,0,0.0,6014,409919
4.38086,4.38086,247636992,0,0.0,6014,2090
4.66234,4.66234,64472064,0,0.0,6014,82775
4.68018,4.68018,271097856,0,0.0,6014,1257
4.75085,4.75085,217440256,1,0.0,6014,311754
3.01367,3.01367,264215552,0,0.0,6014,439
4.52177,4.52177,183104512,1,0.0,6014,2072935
4.71612,4.71612,259622912,0,0.0,6014,6552
3.95894,3.95894,545590272,0,0.0,6014,341
4.51241,4.51241,616599552,0,0.0,6014,3062
4.7653,4.7653,273021952,0,0.0,6014,4691
4.48428,4.48428,3870313472,1,0.0,6014,22464
4.73634,4.73634,309332992,0,0.0,6014,1153
4.01718,4.01718,924815360,1,0.0,6014,16763
4.7839,4.7839,291453952,0,0.0,6014,73928
4.64806,4.64806,805539840,0,0.0,6014,412
4.86603,4.86603,1909089280,0,0.0,6014,13555
4.71054,4.71054,254181376,0,0.0,6014,1217301
4.64327,4.64327,226305024,0,0.0,6014,6411
4.60109,4.60109,312292352,0,0.0,6014,157411
4.83434,4.83434,306237440,1,0.0,6014,79791
4.61096,4.61096,850755584,0,0.0,6014,1789
3.76879,3.76879,122950656,1,0.0,6014,173
4.6707,4.6707,280981504,1,0.0,6014,86245
4.75905,4.75905,183035904,1,0.0,6014,166455
4.50481,4.50481,164924416,0,0.0,6014,18139
4.53146,4.53146,298642432,1,0.0,6014,13463
4.487,4.487,190605312,0,0.0,6014,10926
4.74932,4.74932,532306944,1,0.0,6014,216573
4.80592,4.80592,427888640,1,0.0,6014,22058
4.56919,4.56919,217559040,0,0.0,6014,385593
4.45708,4.45708,214864896,0,0.0,6014,8749
4.50391,4.50391,245143552,0,0.0,6014,108133
4.08263,4.08263,312449024,0,0.0,6014,956
4.95198,4.95198,138004480,0,0.0,6014,78692
4.66824,4.66824,567296000,1,0.0,6014,11385
4.47054,4.47054,491031552,0,0.0,6014,73681
4.5165,4.5165,365222912,0,0.0,6014,24455
4.15866,4.15866,200619008,0,0.0,6014,687
4.72323,4.72323,214453248,0,0.0,6014,360828
4.55848,4.55848,325700608,0,0.0,6014,791527
4.6111,4.6111,277752832,0,0.0,6014,94666
3.98016,3.98016,1225026560,1,0.0,6014,1260
4.51478,4.51478,160348160,0,0.0,6014,141279
4.77458,4.77458,233594880,1,0.0,6014,18756
4.42885,4.42885,747064320,0,0.0,6014,11328
4.51724,4.51724,173952000,0,0.0,6014,102979
4.68347,4.68347,234031104,0,0.0,6014,28585
4.76454,4.76454,348116992,0,0.0,6014,26094
4.58884,4.58884,399334400,0,0.0,6014,58777
4.68362,4.68362,276651008,0,0.0,6014,25160
4.63345,4.63345,3488369664,1,0.0,6014,592
4.67525,4.67525,408636416,1,0.0,6014,111858
4.69027,4.69027,343409664,0,0.0,6014,94519
0.0,0.0,148156416,0,0.0,6014,0
4.90177,4.90177,243724288,0,0.0,6014,5559
3.97113,3.97113,992842752,1,0.0,6014,27360
4.65564,4.65564,508932096,1,0.0,6014,121030
4.53028,4.53028,285735936,0,0.0,6014,639618
4.23457,4.23457,523488256,0,0.0,6014,243
4.81117,4.81117,137763840,0,0.0,6014,40598
4.67915,4.67915,367550464,1,0.0,6014,216135
4.85311,4.85311,532812800,0,0.0,6014,149711
4.80201,4.80201,750390272,1,0.0,6014,10031
4.58352,4.58352,249871360,0,0.0,6014,7717
4.61598,4.61598,218801152,0,0.0,6014,106001
4.76471,4.76471,754884608,1,0.0,6014,853516
4.50051,4.50051,201330688,0,0.0,6014,22389
4.49372,4.49372,253656064,0,0.0,6014,100660
4.74923,4.74923,1052070912,1,0.0,6014,164861
4.15916,4.15916,294865920,0,0.0,6014,13628
4.70662,4.70662,641579008,1,0.0,6014,69036
4.54243,4.54243,179819520,0,0.0,6014,1921
4.77497,4.77497,722036736,1,0.0,6014,9301
4.48686,4.48686,357578752,1,0.0,6014,4876
4.60398,4.60398,561203200,0,0.0,6014,3722
4.59507,4.59507,381692928,0,0.0,6014,56992
4.71176,4.71176,111991808,0,0.0,6014,3740
4.53005,4.53005,217986048,0,0.0,6014,3943
4.47189,4.47189,146009088,0,0.0,6014,14711
4.6191,4.6191,382242816,0,0.0,6014,25747
4.81266,4.81266,311060480,0,0.0,6014,26171
4.72865,4.72865,51395584,1,0.0,6014,86964
3.77108,3.77108,359890944,0,0.0,6014,83
4.60283,4.60283,566694912,1,0.0,6014,67078
4.80461,4.80461,191066112,1,0.0,6014,1172
4.7362,4.7362,184477696,0,0.0,6014,12915
3.61859,3.61859,767283200,0,0.0,6014,1678
4.58782,4.58782,2104443904,1,0.0,6014,32830
4.32953,4.32953,291087360,0,0.0,6014,15944
4.94683,4.94683,215358464,0,0.0,6014,11491
4.5625,4.5625,480851968,1,0.0,6014,496
4.45003,4.45003,1996655616,1,0.0,6014,101268
4.4958,4.4958,209214464,1,0.0,6014,10002
4.79603,4.79603,294948864,1,0.0,6014,535054
4.65632,4.65632,313166848,0,0.0,6014,65623
4.77358,4.77358,165345280,1,0.0,6014,12830
4.81212,4.81212,292457472,0,0.0,6014,11454
4.92672,4.92672,362400768,0,0.0,6014,319835
4.76949,4.76949,377559040,0,0.0,6014,6503
4.84335,4.84335,637276160,1,0.0,6014,23027
4.71164,4.71164,234299392,0,0.0,6014,376183
4.6998,4.6998,352726016,0,0.0,6014,6499
4.69393,4.69393,278961152,1,0.0,6014,34482
4.48062,4.48062,226321408,0,0.0,6014,27976
4.40393,4.40393,207664128,0,0.0,6014,2186
4.75739,4.75739,247262208,0,0.0,6014,5779
4.66784,4.66784,186467328,0,0.0,6014,4805
4.74871,4.74871,215427072,0,0.0,6014,967
4.62349,4.62349,265307136,0,0.0,6014,131724
4.08361,4.08361,457279488,0,0.0,6014,3863
4.69936,4.69936,570993664,0,0.0,6014,135190
4.60302,4.60302,208714752,0,0.0,6014,12512
4.65088,4.65088,128043008,0,0.0,6014,12924
4.56947,4.56947,321281024,0,0.0,6014,35273
4.6433,4.6433,439164928,0,0.0,6014,1427
4.72692,4.72692,394863616,0,0.0,6014,47879
4.74545,4.74545,1726928896,1,0.0,6014,25002
4.04997,4.04997,1071232000,1,0.0,6014,21209
4.60654,4.60654,176198656,0,0.0,6014,77992
3.90937,3.90937,1746741248,0,0.0,6014,331
4.67727,4.67727,166437888,1,0.0,6014,129997
4.56684,4.56684,494100480,1,0.0,6014,18610
4.69797,4.69797,194609152,0,0.0,6014,40158
4.54072,4.54072,169146368,0,0.0,6014,287012
4.72253,4.72253,446322688,0,0.0,6014,3240
4.50403,4.50403,503410688,1,0.0,6014,36244
4.0095,4.0095,2936952832,0,0.0,6014,421
4.11303,4.11303,100739072,1,0.0,6014,4627
4.70749,4.70749,242579456,0,0.0,6014,208095
4.51834,4.51834,129872896,0,0.0,6014,81673
4.79487,4.79487,355366912,0,0.0,6014,351
4.68252,4.68252,277675008,0,0.0,6014,2671
4.64455,4.64455,229361664,0,0.0,6014,185426
3.92358,3.92358,514190336,1,0.0,6014,1976
4.34837,4.34837,115792896,0,0.0,6014,18845
4.75959,4.75959,727326720,0,0.0,6014,151886
3.72152,3.72152,194898944,0,0.0,6014,79
4.42143,4.42143,1461909504,1,0.0,6014,67939
4.85967,4.85967,334400512,0,0.0,6014,3955
4.50398,4.50398,306547712,0,0.0,6014,16477
4.64398,4.64398,68511744,0,0.0,6014,1396
4.52292,4.52292,484174848,0,0.0,6014,56550
4.58427,4.58427,255516672,0,0.0,6014,61670
4.71236,4.71236,292686848,0,0.0,6014,63118
4.76417,4.76417,269583360,0,0.0,6014,83646
4.79796,4.79796,265956352,0,0.0,6014,1431649
4.51386,4.51386,232996864,0,0.0,6014,142571
4.60881,4.60881,1267474432,0,0.0,6014,101534
4.73543,4.73543,249195520,0,0.0,6014,3485
4.56519,4.56519,187340800,0,0.0,6014,8307
4.50558,4.50558,527681536,0,0.0,6014,57075
4.83397,4.83397,161243136,0,0.0,6014,1048
4.7625,4.7625,489957376,1,0.0,6014,132066
4.70864,4.70864,296790016,0,0.0,6014,400728
4.76511,4.76511,87558144,0,0.0,6014,29853
4.78787,4.78787,200141824,0,0.0,6014,22085
4.61381,4.61381,702569472,1,0.0,6014,135045
4.64093,4.64093,283463680,1,0.0,6014,188820
4.92497,4.92497,163756032,0,0.0,6014,4838
4.83843,4.83843,372167680,0,0.0,6014,7068
4.30579,4.30579,1818264576,1,0.0,6014,19052
4.45183,4.45183,77526016,0,0.0,6014,16721
4.78207,4.78207,296334336,1,0.0,6014,33196
4.81322,4.81322,99414016,0,0.0,6014,23214
4.44685,4.44685,303890432,0,0.0,6014,2126
4.52681,4.52681,2418230272,1,0.0,6014,51582
4.42748,4.42748,254656512,0,0.0,6014,2234
4.7252,4.7252,265638912,0,0.0,6014,40154
4.91836,4.91836,46530560,0,0.0,6014,176181
4.71798,4.71798,379396096,1,0.0,6014,82965
4.75513,4.75513,951378944,0,0.0,6014,3214
4.59809,4.59809,303147008,0,0.0,6014,15777
4.27834,4.27834,23779328,1,0.0,6014,5662
4.42346,4.42346,263134208,1,0.0,6014,6284
4.49916,4.49916,312007680,0,0.0,6014,593
4.51351,4.51351,268181504,0,0.0,6014,3887
4.6096,4.6096,2324637696,0,0.0,6014,29987
4.65946,4.65946,261214208,0,0.0,6014,80664
4.61726,4.61726,887965696,0,0.0,6014,195001
4.70425,4.70425,282386432,0,0.0,6014,220688
4.54797,4.54797,295771136,0,0.0,6014,282637
4.6604,4.6604,610885632,1,0.0,6014,38519
4.5518,4.5518,516659200,0,0.0,6014,303208
4.86266,4.86266,298693632,1,0.0,6014,30546
4.7992,4.7992,261787648,1,0.0,6014,14975
4.8102,4.8102,195012608,1,0.0,6014,132439
4.48142,4.48142,449927168,0,0.0,6014,592
4.63886,4.63886,247894016,0,0.0,6014,28482
4.69593,4.69593,458694656,0,0.0,6014,32765
4.48854,4.48854,416450560,1,0.0,6014,491822
4.64567,4.64567,155837440,0,0.0,6014,11975
3.82359,3.82359,224482304,1,0.0,6014,7114
4.56473,4.56473,372477952,0,0.0,6014,270066
4.64954,4.64954,191935488,1,0.0,6014,604294
4.77588,4.77588,645853184,1,0.0,6014,33763
4.64982,4.64982,282164224,1,0.0,6014,374363
4.74852,4.74852,2437506048,0,0.0,6014,23457
4.56548,4.56548,400885760,0,0.0,6014,2115
4.71983,4.71983,1592894464,0,0.0,6014,35221
4.70829,4.70829,207894528,0,0.0,6014,23825
4.282,4.282,1003374592,1,0.0,6014,2734
4.67342,4.67342,636600320,1,0.0,6014,449437
4.45421,4.45421,177908736,0,0.0,6014,162463
4.68952,4.68952,75375616,0,0.0,6014,277576
4.80205,4.80205,1030953984,0,0.0,6014,1460
4.57003,4.57003,355896320,0,0.0,6014,7124
4.38006,4.38006,151274496,0,0.0,6014,2347
4.51157,4.51157,211902464,0,0.0,6014,73436
4.11141,4.11141,37069824,0,0.0,6014,368
4.35081,4.35081,472658944,1,0.0,6014,84915
4.90474,4.90474,189401088,0,0.0,6014,207996
4.77942,4.77942,2622990336,1,0.0,6014,80056
4.54739,4.54739,100709376,0,0.0,6014,559251
4.56574,4.56574,392800256,0,0.0,6014,2259
4.68032,4.68032,310493184,0,0.0,6014,20752
4.66953,4.66953,139900928,0,0.0,6014,2433
4.24871,4.24871,247626752,0,0.0,6014,24329
4.52576,4.52576,213007360,1,0.0,6014,31721
0.0,0.0,55887872,0,0.0,6014,0
4.88637,4.88637,172093440,0,0.0,6014,3881
3.96883,3.96883,309847040,1,0.0,6014,4877
4.58017,4.58017,390584320,0,0.0,6014,127915
4.00547,4.00547,280045568,0,0.0,6014,3471
4.90858,4.90858,399488000,0,0.0,6014,2669
4.70776,4.70776,438978560,0,0.0,6014,85809
4.6369,4.6369,305818624,1,0.0,6014,118512
4.64599,4.64599,213536768,1,0.0,6014,10398
4.53623,4.53623,186444800,1,0.0,6014,138
4.77447,4.77447,163122176,0,0.0,6014,235
4.72075,4.72075,922687488,0,0.0,6014,2675
4.67662,4.67662,44010496,0,0.0,6014,160097
4.45965,4.45965,364646400,0,0.0,6014,6035
2.875,2.875,159258624,0,0.0,6014,16
4.55999,4.55999,199869440,0,0.0,6014,25
4.43363,4.43363,175544320,0,0.0,6014,4174
3.4848,3.4848,491945984,1,0.0,6014,11677
4.60328,4.60328,519171072,0,0.0,6014,1709
4.7523,4.7523,287664128,0,0.0,6014,9007
4.16408,4.16408,217036800,1,0.0,6014,4766
4.63905,4.63905,828559360,0,0.0,6014,5322
4.55535,4.55535,362843136,0,0.0,6014,66198
4.58688,4.58688,304551936,0,0.0,6014,22531
4.70866,4.70866,84552704,0,0.0,6014,38670
4.80044,4.80044,347901952,1,0.0,6014,219429
4.64151,4.64151,170268672,0,0.0,6014,41162
4.46504,4.46504,247799808,1,0.0,6014,26733
4.63741,4.63741,399368192,1,0.0,6014,66262
4.53914,4.53914,13586432,1,0.0,6014,2376
0.0,0.0,1289209856,0,0.0,6014,0
4.62026,4.62026,335912960,0,0.0,6014,9804
4.05047,4.05047,878785536,0,0.0,6014,2140
4.58453,4.58453,374072320,0,0.0,6014,8559
4.47417,4.47417,70711296,1,0.0,6014,36697
4.58961,4.58961,61495296,0,0.0,6014,197982
4.8478,4.8478,223364096,0,0.0,6014,34298
4.4568,4.4568,654513152,0,0.0,6014,271682
4.5888,4.5888,316645376,0,0.0,6014,1447
4.74023,4.74023,378854400,1,0.0,6014,160721
4.74892,4.74892,200895488,0,0.0,6014,185328
4.74141,4.74141,1207418880,1,0.0,6014,19668
4.55283,4.55283,240959488,0,0.0,6014,5168
4.1281,4.1281,162062336,0,0.0,6014,47587
4.92792,4.92792,226086912,1,0.0,6014,8394
4.78582,4.78582,99468288,0,0.0,6014,52931
4.60071,4.60071,126030848,0,0.0,6014,365011
2.66667,2.66667,226215936,0,0.0,6014,21
4.40393,4.40393,207664128,0,0.0,6014,2186
4.74871,4.74871,215427072,0,0.0,6014,967
4.75739,4.75739,247262208,0,0.0,6014,5779
4.32581,4.32581,488815616,1,0.0,6014,15383
4.08361,4.08361,457279488,0,0.0,6014,3863
4.62349,4.62349,265307136,0,0.0,6014,131724
4.69936,4.69936,570993664,0,0.0,6014,135190
4.78261,4.78261,314138624,0,0.0,6014,23
4.53111,4.53111,225323008,1,0.0,6014,279548
4.76316,4.76316,453198848,0,0.0,6014,190
4.60302,4.60302,208714752,0,0.0,6014,12512
4.65088,4.65088,128043008,0,0.0,6014,12924
4.6433,4.6433,439164928,0,0.0,6014,1427
4.56947,4.56947,321281024,0,0.0,6014,35273
4.73714,4.73714,367989760,1,0.0,6014,6532
4.74545,4.74545,1726928896,1,0.0,6014,25002
4.72692,4.72692,394863616,0,0.0,6014,47879
4.83449,4.83449,342406144,0,0.0,6014,4598
4.04997,4.04997,1071232000,1,0.0,6014,21209
4.60654,4.60654,176198656,0,0.0,6014,77992
4.67727,4.67727,166437888,1,0.0,6014,129997
4.09426,4.09426,1271708672,1,0.0,6014,18195
4.72072,4.72072,203717632,1,0.0,6014,46838
4.69271,4.69271,312316928,0,0.0,6014,334230
4.54427,4.54427,419564544,0,0.0,6014,463
4.69797,4.69797,194609152,0,0.0,6014,40158
4.72253,4.72253,446322688,0,0.0,6014,3240
4.54072,4.54072,169146368,0,0.0,6014,287012
4.50403,4.50403,503410688,1,0.0,6014,36244
4.3163,4.3163,326618112,0,0.0,6014,4129
4.46985,4.46985,441922560,0,0.0,6014,29471
4.0095,4.0095,2936952832,0,0.0,6014,421
4.11303,4.11303,100739072,1,0.0,6014,4627
4.70749,4.70749,242579456,0,0.0,6014,208095
4.6574,4.6574,1130957824,1,0.0,6014,22391
4.90541,4.90541,235557888,1,0.0,6014,2199
4.6275,4.6275,1423256576,1,0.0,6014,5761
4.70648,4.70648,264301568,0,0.0,6014,71531
4.70686,4.70686,2828704768,1,0.0,6014,112920
4.64455,4.64455,229361664,0,0.0,6014,185426
4.85182,4.85182,213301248,0,0.0,6014,68575
4.64269,4.64269,386475008,1,0.0,6014,168118
3.92571,3.92571,237339648,1,0.0,6014,175
3.74825,3.74825,862042112,0,0.0,6014,3865
3.92358,3.92358,514190336,1,0.0,6014,1976
3.72152,3.72152,194898944,0,0.0,6014,79
4.64398,4.64398,68511744,0,0.0,6014,1396
4.42143,4.42143,1461909504,1,0.0,6014,67939
4.52292,4.52292,484174848,0,0.0,6014,56550
4.58427,4.58427,255516672,0,0.0,6014,61670
4.71236,4.71236,292686848,0,0.0,6014,63118
4.76417,4.76417,269583360,0,0.0,6014,83646
4.51386,4.51386,232996864,0,0.0,6014,142571
4.79796,4.79796,265956352,0,0.0,6014,1431649
4.86444,4.86444,261515264,0,0.0,6014,5599
4.71676,4.71676,164986880,0,0.0,6014,16742
4.83397,4.83397,161243136,0,0.0,6014,1048
4.73543,4.73543,249195520,0,0.0,6014,3485
4.93577,4.93577,116772864,1,0.0,6014,76227
4.80409,4.80409,71399424,0,0.0,6014,201871
4.70864,4.70864,296790016,0,0.0,6014,400728
4.58809,4.58809,239597568,0,0.0,6014,5409
4.78787,4.78787,200141824,0,0.0,6014,22085
4.42361,4.42361,184684544,1,0.0,6014,23120
4.30579,4.30579,1818264576,1,0.0,6014,19052
4.18726,4.18726,161317888,0,0.0,6014,4742
4.45183,4.45183,77526016,0,0.0,6014,16721
4.81322,4.81322,99414016,0,0.0,6014,23214
4.05363,4.05363,267312128,0,0.0,6014,1212
4.44685,4.44685,303890432,0,0.0,6014,2126
4.42666,4.42666,182645760,0,0.0,6014,12844
4.42748,4.42748,254656512,0,0.0,6014,2234
4.91836,4.91836,46530560,0,0.0,6014,176181
4.71798,4.71798,379396096,1,0.0,6014,82965
4.75513,4.75513,951378944,0,0.0,6014,3214
4.59809,4.59809,303147008,0,0.0,6014,15777
4.27834,4.27834,23779328,1,0.0,6014,5662
4.42346,4.42346,263134208,1,0.0,6014,6284
4.49916,4.49916,312007680,0,0.0,6014,593
4.51351,4.51351,268181504,0,0.0,6014,3887
4.51044,4.51044,76660736,0,0.0,6014,5070
4.6096,4.6096,2324637696,0,0.0,6014,29987
4.65946,4.65946,261214208,0,0.0,6014,80664
4.75674,4.75674,911009792,1,0.0,6014,117603
4.25168,4.25168,2211159040,0,0.0,6014,38200
4.58628,4.58628,179589120,0,0.0,6014,24642
4.68688,4.68688,17235968,0,0.0,6014,3315
4.5518,4.5518,516659200,0,0.0,6014,303208
4.8102,4.8102,195012608,1,0.0,6014,132439
4.70425,4.70425,282386432,0,0.0,6014,220688
4.63886,4.63886,247894016,0,0.0,6014,28482
4.21765,4.21765,1785052160,0,0.0,6014,28183
4.64567,4.64567,155837440,0,0.0,6014,11975
4.4421,4.4421,552487936,0,0.0,6014,7055
4.6273,4.6273,191266816,0,0.0,6014,56869
3.82359,3.82359,224482304,1,0.0,6014,7114
4.56473,4.56473,372477952,0,0.0,6014,270066
4.56067,4.56067,250659840,0,0.0,6014,1409
4.68545,4.68545,499638272,0,0.0,6014,5767
4.64982,4.64982,282164224,1,0.0,6014,374363
4.77588,4.77588,645853184,1,0.0,6014,33763
4.74852,4.74852,2437506048,0,0.0,6014,23457
4.74142,4.74142,760407040,0,0.0,6014,4165
4.56548,4.56548,400885760,0,0.0,6014,2115
4.71983,4.71983,1592894464,0,0.0,6014,35221
4.6069,4.6069,584194048,1,0.0,6014,146881
4.70829,4.70829,207894528,0,0.0,6014,23825
4.77152,4.77152,82922496,0,0.0,6014,1615
4.45421,4.45421,177908736,0,0.0,6014,162463
4.57003,4.57003,355896320,0,0.0,6014,7124
4.68952,4.68952,75375616,0,0.0,6014,277576
4.58593,4.58593,242624512,0,0.0,6014,77530
4.38006,4.38006,151274496,0,0.0,6014,2347
4.51157,4.51157,211902464,0,0.0,6014,73436
4.11141,4.11141,37069824,0,0.0,6014,368
4.35081,4.35081,472658944,1,0.0,6014,84915
4.64856,4.64856,412022784,0,0.0,6014,23401
4.90474,4.90474,189401088,0,0.0,6014,207996
4.6933,4.6933,1201969152,1,0.0,6014,9687
4.60684,4.60684,249954304,0,0.0,6014,351
4.83419,4.83419,274190336,0,0.0,6014,5084
4.56574,4.56574,392800256,0,0.0,6014,2259
4.68032,4.68032,310493184,0,0.0,6014,20752
4.54739,4.54739,100709376,0,0.0,6014,559251
4.24802,4.24802,801939456,0,0.0,6014,18825
4.46718,4.46718,688289792,1,0.0,6014,6460
4.60931,4.60931,265441280,0,0.0,6014,18982
4.52576,4.52576,213007360,1,0.0,6014,31721
4.24871,4.24871,247626752,0,0.0,6014,24329
0.0,0.0,55887872,0,0.0,6014,0
4.78995,4.78995,256923648,0,0.0,6014,1314
3.96883,3.96883,309847040,1,0.0,6014,4877
4.43846,4.43846,84251648,1,0.0,6014,56876
4.29481,4.29481,131860480,1,0.0,6014,1696
4.70776,4.70776,438978560,0,0.0,6014,85809
4.53623,4.53623,186444800,1,0.0,6014,138
4.90858,4.90858,399488000,0,0.0,6014,2669
4.72075,4.72075,922687488,0,0.0,6014,2675
4.64599,4.64599,213536768,1,0.0,6014,10398
4.67605,4.67605,268640256,0,0.0,6014,82266
4.67662,4.67662,44010496,0,0.0,6014,160097
2.6879,2.6879,489272320,0,0.0,6014,785
2.875,2.875,159258624,0,0.0,6014,16
4.55999,4.55999,199869440,0,0.0,6014,25
4.43363,4.43363,175544320,0,0.0,6014,4174
4.75896,4.75896,307311616,0,0.0,6014,158579
4.60328,4.60328,519171072,0,0.0,6014,1709
4.32977,4.32977,191607808,0,0.0,6014,6365
4.7523,4.7523,287664128,0,0.0,6014,9007
4.16408,4.16408,217036800,1,0.0,6014,4766
4.19466,4.19466,331703296,0,0.0,6014,1911
4.65282,4.65282,314046464,1,0.0,6014,83578
4.71645,4.71645,1590734848,1,0.0,6014,23135
4.55535,4.55535,362843136,0,0.0,6014,66198
4.63905,4.63905,828559360,0,0.0,6014,5322
4.58688,4.58688,304551936,0,0.0,6014,22531
4.70866,4.70866,84552704,0,0.0,6014,38670
4.57158,4.57158,229022720,0,0.0,6014,866
4.80044,4.80044,347901952,1,0.0,6014,219429
4.64151,4.64151,170268672,0,0.0,6014,41162
4.89567,4.89567,169136128,0,0.0,6014,19096
4.36388,4.36388,1087428608,1,0.0,6014,133682
4.35114,4.35114,265908224,0,0.0,6014,2620
4.46504,4.46504,247799808,1,0.0,6014,26733
4.63741,4.63741,399368192,1,0.0,6014,66262
4.53914,4.53914,13586432,1,0.0,6014,2376
4.75188,4.75188,255602688,0,0.0,6014,798
4.47417,4.47417,70711296,1,0.0,6014,36697
4.8478,4.8478,223364096,0,0.0,6014,34298
4.58961,4.58961,61495296,0,0.0,6014,197982
4.5888,4.5888,316645376,0,0.0,6014,1447
4.56553,4.56553,260723712,0,0.0,6014,26400
4.74892,4.74892,200895488,0,0.0,6014,185328
4.55283,4.55283,240959488,0,0.0,6014,5168
4.1281,4.1281,162062336,0,0.0,6014,47587
4.74141,4.74141,1207418880,1,0.0,6014,19668
4.66087,4.66087,295092224,0,0.0,6014,115
4.36163,4.36163,335522816,0,0.0,6014,6313
4.77609,4.77609,140416000,0,0.0,6014,103781
4.78582,4.78582,99468288,0,0.0,6014,52931
4.26082,4.26082,2271338496,0,0.0,6014,4831
4.70186,4.70186,368477184,0,0.0,6014,1127
4.66632,4.66632,374593536,0,0.0,6014,17094
4.60071,4.60071,126030848,0,0.0,6014,365011
4.75857,4.75857,315292672,0,0.0,6014,12923
2.66667,2.66667,226215936,0,0.0,6014,21
4.61347,4.61347,136147968,0,0.0,6014,21556
4.79613,4.79613,2118353920,1,0.0,6014,3149
4.66953,4.66953,220677120,0,0.0,6014,34988
4.62629,4.62629,172052480,0,0.0,6014,2015
4.68584,4.68584,411137024,0,0.0,6014,452
4.68112,4.68112,65776640,0,0.0,6014,3525
4.86123,4.86123,181300224,0,0.0,6014,3805
3.76984,3.76984,331257856,0,0.0,6014,126
4.51548,4.51548,2175175680,1,0.0,6014,34750
4.43435,4.43435,474613760,0,0.0,6014,150140
4.72684,4.72684,253084672,0,0.0,6014,14182
4.55394,4.55394,279444480,1,0.0,6014,686
4.79093,4.79093,194575360,0,0.0,6014,19702
4.54579,4.54579,324559872,0,0.0,6014,118545
4.67047,4.67047,1145589760,0,0.0,6014,24611
4.5949,4.5949,232572928,0,0.0,6014,753582
4.78641,4.78641,9875456,0,0.0,6014,7627
4.60728,4.60728,2708039680,1,0.0,6014,6730
4.5786,4.5786,165672960,0,0.0,6014,458
4.69975,4.69975,735195136,0,0.0,6014,112583
4.68154,4.68154,298975232,1,0.0,6014,172328
4.1005,4.1005,425245696,0,0.0,6014,1005
4.74544,4.74544,361437184,0,0.0,6014,100961
4.71687,4.71687,196385792,0,0.0,6014,16593
4.69712,4.69712,48419840,0,0.0,6014,40631
4.66312,4.66312,356399104,0,0.0,6014,18164
4.79681,4.79681,227075072,0,0.0,6014,1442
4.53282,4.53282,345071616,0,0.0,6014,22857
4.38279,4.38279,178226176,0,0.0,6014,56545
4.70422,4.70422,1588057088,1,0.0,6014,206055
4.74718,4.74718,783965184,0,0.0,6014,886
4.69271,4.69271,235892736,1,0.0,6014,620333
4.47161,4.47161,2045315072,0,0.0,6014,1427
4.1623,4.1623,339149824,0,0.0,6014,3814
3.27517,3.27517,271753216,1,0.0,6014,1043
4.5114,4.5114,299602944,0,0.0,6014,45606
4.29404,4.29404,2123471872,0,0.0,6014,13022
4.67407,4.67407,332569600,0,0.0,6014,237162
3.90449,3.90449,164312064,0,0.0,6014,534
4.34921,4.34921,119803904,0,0.0,6014,441
4.63791,4.63791,215356416,1,0.0,6014,30680
4.63277,4.63277,637626368,1,0.0,6014,85329
4.56229,4.56229,243944448,0,0.0,6014,80507
4.59546,4.59546,450725888,1,0.0,6014,17803
4.19894,4.19894,157430784,1,0.0,6014,9395
4.24042,4.24042,1533188096,1,0.0,6014,17777
4.97039,4.97039,532290560,0,0.0,6014,2060
4.55982,4.55982,220794880,0,0.0,6014,8710
4.29807,4.29807,242528256,1,0.0,6014,11658
4.72145,4.72145,1256678400,0,0.0,6014,25292
4.5489,4.5489,268241920,0,0.0,6014,105769
4.41176,4.41176,155646976,1,0.0,6014,187
3.48309,3.48309,161529856,0,0.0,6014,3401
4.55462,4.55462,210062336,0,0.0,6014,12971
4.8108,4.8108,894963712,1,0.0,6014,45724
4.63415,4.63415,431234048,0,0.0,6014,82
1.45447,1.45447,236345344,0,0.0,6014,1285
4.5605,4.5605,243849216,0,0.0,6014,54915
3.62605,3.62605,163659776,0,0.0,6014,238
4.53102,4.53102,302523392,0,0.0,6014,13911
4.70891,4.70891,151592960,0,0.0,6014,21471
4.54603,4.54603,50581504,0,0.0,6014,793
4.86603,4.86603,1909089280,0,0.0,6014,13555
4.38068,4.38068,298171392,0,0.0,6014,9441
4.6298,4.6298,3658487808,0,0.0,6014,231118
4.57773,4.57773,264411136,0,0.0,6014,120345
4.63719,4.63719,346144768,0,0.0,6014,7453
4.83204,4.83204,281589760,0,0.0,6014,11455
4.67835,4.67835,560525312,0,0.0,6014,16624
4.56919,4.56919,217559040,0,0.0,6014,385593
4.90754,4.90754,873422848,0,0.0,6014,3753
4.47844,4.47844,288768000,0,0.0,6014,3363
4.72969,4.72969,227251200,0,0.0,6014,1957
3.4958,3.4958,1409174528,0,0.0,6014,119
4.15033,4.15033,255415296,0,0.0,6014,4284
4.67969,4.67969,316022784,1,0.0,6014,53691
4.9425,4.9425,166696960,0,0.0,6014,71877
4.6052,4.6052,136509440,1,0.0,6014,171019
4.67042,4.67042,349839360,0,0.0,6014,24704
4.84517,4.84517,293112832,1,0.0,6014,114765
4.75976,4.75976,236658688,1,0.0,6014,17025
4.33356,4.33356,168761344,0,0.0,6014,20686
4.01795,4.01795,344432640,0,0.0,6014,2396
4.46985,4.46985,168010752,0,0.0,6014,398
4.79941,4.79941,356107264,0,0.0,6014,5718
4.70606,4.70606,120643584,1,0.0,6014,21671
4.62594,4.62594,220274688,0,0.0,6014,4363
4.77245,4.77245,158034944,0,0.0,6014,6733
4.59603,4.59603,213386240,0,0.0,6014,755
4.64327,4.64327,226305024,0,0.0,6014,6411
4.68586,4.68586,258475008,0,0.0,6014,7032
4.66962,4.66962,673355776,0,0.0,6014,114258
4.59687,4.59687,156784640,0,0.0,6014,7923
4.76536,4.76536,630290432,1,0.0,6014,115979
4.65346,4.65346,580438016,0,0.0,6014,8328
4.69528,4.69528,422832128,1,0.0,6014,14564
4.73573,4.73573,628404224,1,0.0,6014,154887
4.67813,4.67813,219048960,0,0.0,6014,108017
4.59524,4.59524,855484416,1,0.0,6014,1134
4.50188,4.50188,358236160,1,0.0,6014,532
4.78099,4.78099,193868800,0,0.0,6014,1621
4.7545,4.7545,258476032,0,0.0,6014,15405
4.61983,4.61983,3473981440,1,0.0,6014,121557
4.63832,4.63832,63451136,0,0.0,6014,12699
4.55454,4.55454,293762048,0,0.0,6014,95833
4.78969,4.78969,78386176,0,0.0,6014,12767
4.92103,4.92103,143164416,0,0.0,6014,2875
4.69463,4.69463,206288896,0,0.0,6014,27987
4.57114,4.57114,313671680,0,0.0,6014,206667
4.8125,4.8125,201616384,0,0.0,6014,144
4.48263,4.48263,207326208,0,0.0,6014,6680
4.54832,4.54832,244837376,1,0.0,6014,6923
4.24624,4.24624,388017152,1,0.0,6014,12557
4.74776,4.74776,1378355200,0,0.0,6014,13725
4.56653,4.56653,1734926336,1,0.0,6014,962
4.64991,4.64991,129976320,0,0.0,6014,6484
4.79934,4.79934,1576395776,1,0.0,6014,122755
4.55848,4.55848,325700608,0,0.0,6014,791527
3.70368,3.70368,165635072,0,0.0,6014,1522
4.49296,4.49296,327087104,0,0.0,6014,996
4.65317,4.65317,2484584448,1,0.0,6014,46351
4.41736,4.41736,183847936,0,0.0,6014,45864
4.05405,4.05405,183012352,0,0.0,6014,185
4.5,4.5,106270720,0,0.0,6014,556
4.52173,4.52173,255120384,0,0.0,6014,6973
4.77297,4.77297,1446030336,1,0.0,6014,7576
4.11111,4.11111,370270208,0,0.0,6014,9
4.61209,4.61209,161221632,0,0.0,6014,2101
4.41071,4.41071,179930112,0,0.0,6014,112
4.86923,4.86923,197350400,0,0.0,6014,55838
4.59084,4.59084,269849600,0,0.0,6014,56264
4.54851,4.54851,265392128,1,0.0,6014,48947
4.55424,4.55424,44345344,1,0.0,6014,33573
4.59898,4.59898,320148480,0,0.0,6014,10890
4.36404,4.36404,377309184,0,0.0,6014,6458
4.77473,4.77473,201117696,0,0.0,6014,182
3.43815,3.43815,65123328,0,0.0,6014,26541
4.83256,4.83256,572866560,1,0.0,6014,38632
4.71079,4.71079,190722048,0,0.0,6014,133248
4.69682,4.69682,130838528,1,0.0,6014,44660
4.59663,4.59663,240111616,0,0.0,6014,24097
1.81065,1.81065,274334720,0,0.0,6014,1014
4.14149,4.14149,164762624,1,0.0,6014,11280
4.3564,4.3564,906145792,0,0.0,6014,19015
4.54653,4.54653,237325312,0,0.0,6014,74327
4.56171,4.56171,4076357632,0,0.0,6014,6044
4.83175,4.83175,2050088960,1,0.0,6014,6015
4.04512,4.04512,134107136,0,0.0,6014,1086
4.5031,4.5031,305025024,0,0.0,6014,2099
4.51025,4.51025,237123584,1,0.0,6014,13319
4.26306,4.26306,1204736000,1,0.0,6014,1053
4.39286,4.39286,151260160,0,0.0,6014,28
4.65526,4.65526,232024064,0,0.0,6014,21764
4.71725,4.71725,130806784,0,0.0,6014,202468
4.95198,4.95198,138004480,0,0.0,6014,78692
4.77646,4.77646,247493632,1,0.0,6014,125501
4.72266,4.72266,252655616,1,0.0,6014,128564
4.63948,4.63948,1714847744,1,0.0,6014,160320
4.71964,4.71964,185521152,0,0.0,6014,453
4.58681,4.58681,186567680,1,0.0,6014,53220
4.58352,4.58352,249871360,0,0.0,6014,7717
4.65672,4.65672,51544064,0,0.0,6014,67
4.51498,4.51498,401807360,0,0.0,6014,78080
2.66667,2.66667,844135424,0,0.0,6014,6
4.57895,4.57895,449146880,0,0.0,6014,38
4.28142,4.28142,115744768,0,0.0,6014,6613
4.65066,4.65066,1436754944,1,0.0,6014,164597
4.75,4.75,348354560,1,0.0,6014,60
4.93208,4.93208,197594112,0,0.0,6014,2577
4.65428,4.65428,133190656,1,0.0,6014,119419
4.62694,4.62694,294421504,0,0.0,6014,21723
3.88313,3.88313,1577281536,1,0.0,6014,16745
4.68023,4.68023,120877056,0,0.0,6014,66269
3.14286,3.14286,172571648,0,0.0,6014,7
4.66674,4.66674,596008960,1,0.0,6014,93269
2.9875,2.9875,137592832,0,0.0,6014,160
4.65728,4.65728,281828352,0,0.0,6014,124824
4.90767,4.90767,406535168,1,0.0,6014,4430
4.64856,4.64856,412022784,0,0.0,6014,23401
4.64938,4.64938,417383424,0,0.0,6014,7233
4.51258,4.51258,364254208,0,0.0,6014,3180
0.0,0.0,192862208,1,0.0,6014,0
4.58965,4.58965,901155840,1,0.0,6014,71880
4.69231,4.69231,207165440,0,0.0,6014,871
4.71269,4.71269,264586240,0,0.0,6014,56064
4.49257,4.49257,430667776,0,0.0,6014,10829
4.5339,4.5339,1073798144,0,0.0,6014,27761
4.53867,4.53867,268838912,1,0.0,6014,25242
4.58439,4.58439,352613376,0,0.0,6014,61741
4.77588,4.77588,253529088,1,0.0,6014,12685
4.44826,4.44826,742536192,1,0.0,6014,4861
4.77827,4.77827,54879232,0,0.0,6014,24394
4.82562,4.82562,223447040,0,0.0,6014,29006
3.06641,3.06641,50408448,0,0.0,6014,3629
4.45507,4.45507,232017920,0,0.0,6014,10372
4.78852,4.78852,326971392,0,0.0,6014,24399
4.65401,4.65401,452049920,0,0.0,6014,7110
4.74603,4.74603,625673216,1,0.0,6014,6237
4.62587,4.62587,863549440,1,0.0,6014,2312
4.80224,4.80224,193208320,0,0.0,6014,6523
3.74825,3.74825,118984704,0,0.0,6014,3992
4.61967,4.61967,290837504,0,0.0,6014,29172
4.1843,4.1843,648035328,1,0.0,6014,293
4.21129,4.21129,508489728,0,0.0,6014,1576
4.79552,4.79552,246395904,0,0.0,6014,31622
4.60748,4.60748,393226240,1,0.0,6014,186835
4.64135,4.64135,267938816,0,0.0,6014,393214
0.0,0.0,214564864,1,0.0,6014,0
4.6069,4.6069,304278528,0,0.0,6014,181940
4.54207,4.54207,133441536,0,0.0,6014,39539
4.52263,4.52263,204547072,1,0.0,6014,15244
4.65191,4.65191,324429824,1,0.0,6014,20739
3.51954,3.51954,412997632,1,0.0,6014,435
4.55334,4.55334,120896512,0,0.0,6014,211004
4.35144,4.35144,199725056,0,0.0,6014,13587
4.81932,4.81932,298901504,0,0.0,6014,18292
4.86811,4.86811,313391104,0,0.0,6014,6968
4.80093,4.80093,329172992,0,0.0,6014,1944
4.68225,4.68225,158959616,0,0.0,6014,90097
4.44183,4.44183,360089600,0,0.0,6014,765
4.46143,4.46143,116085760,1,0.0,6014,5444
4.62436,4.62436,1902898176,1,0.0,6014,93901
4.43279,4.43279,304022528,1,0.0,6014,22302
4.6273,4.6273,191266816,0,0.0,6014,56869
4.77657,4.77657,224590848,1,0.0,6014,117044
4.60037,4.60037,263268352,0,0.0,6014,145353
4.88889,4.88889,318639104,0,0.0,6014,63
4.53472,4.53472,1889100800,1,0.0,6014,60305
4.72072,4.72072,203717632,1,0.0,6014,46838
4.86444,4.86444,261515264,0,0.0,6014,5599
4.60931,4.60931,265441280,0,0.0,6014,18982
4.63483,4.63483,260042752,0,0.0,6014,20207
4.63157,4.63157,9992192,0,0.0,6014,133
0.0,0.0,640152576,0,0.0,6014,0
4.42357,4.42357,151956480,0,0.0,6014,1969
4.58844,4.58844,1076239360,0,0.0,6014,132610
4.09426,4.09426,1271708672,1,0.0,6014,18195
4.59073,4.59073,252722176,0,0.0,6014,44074
4.69963,4.69963,214079488,0,0.0,6014,1030014
4.7102,4.7102,308374528,0,0.0,6014,245
4.37533,4.37533,224904192,0,0.0,6014,738
4.63598,4.63598,809457664,1,0.0,6014,3445
4.50222,4.50222,71892992,0,0.0,6014,26986
4.62469,4.62469,233659392,1,0.0,6014,11641
4.32977,4.32977,191607808,0,0.0,6014,6365
4.4421,4.4421,552487936,0,0.0,6014,7055
4.76424,4.76424,219669504,1,0.0,6014,366131
4.77159,4.77159,2413830144,0,0.0,6014,26650
4.5586,4.5586,337286144,0,0.0,6014,72757
4.55611,4.55611,371644416,0,0.0,6014,24612
4.58593,4.58593,242624512,0,0.0,6014,77530
4.58628,4.58628,179589120,0,0.0,6014,24642
4.52911,4.52911,272651264,1,0.0,6014,3109
4.65821,4.65821,1566051328,0,0.0,6014,10214
4.45142,4.45142,324159488,0,0.0,6014,2532
4.40624,4.40624,57606144,1,0.0,6014,35159
4.40916,4.40916,365432832,0,0.0,6014,121159
4.65319,4.65319,1010020352,0,0.0,6014,2918
4.05363,4.05363,267312128,0,0.0,6014,1212
4.61454,4.61454,635419648,0,0.0,6014,1637
4.71627,4.71627,255817728,0,0.0,6014,2083
4.66065,4.66065,3336409088,1,0.0,6014,41082
4.43064,4.43064,277022720,0,0.0,6014,4707
4.76984,4.76984,1665960960,0,0.0,6014,31635
4.46834,4.46834,256124928,0,0.0,6014,18226
4.87446,4.87446,146384896,1,0.0,6014,10348
4.89175,4.89175,139086848,0,0.0,6014,41432
3.38612,3.38612,546692096,0,0.0,6014,1844
4.70686,4.70686,2828704768,1,0.0,6014,112920
4.68545,4.68545,499638272,0,0.0,6014,5767
4.70309,4.70309,177574912,0,0.0,6014,234727
4.69271,4.69271,312316928,0,0.0,6014,334230
4.67241,4.67241,266664960,0,0.0,6014,8532
4.42361,4.42361,184684544,1,0.0,6014,23120
4.8,4.8,56010752,0,0.0,6014,35
4.25168,4.25168,2211159040,0,0.0,6014,38200
4.82003,4.82003,146291712,0,0.0,6014,12214
4.73963,4.73963,370625536,0,0.0,6014,79464
4.6658,4.6658,96904192,0,0.0,6014,4626
4.68726,4.68726,282724352,0,0.0,6014,28151
1.88889,1.88889,236365824,0,0.0,6014,18
4.28857,4.28857,63017984,0,0.0,6014,3001
4.70533,4.70533,303791104,0,0.0,6014,481391
3.97767,3.97767,955769856,1,0.0,6014,8283
3.6,3.6,236831744,0,0.0,6014,5
4.71676,4.71676,164986880,0,0.0,6014,16742
4.81597,4.81597,190327808,0,0.0,6014,10259
4.24802,4.24802,801939456,0,0.0,6014,18825
4.21765,4.21765,1785052160,0,0.0,6014,28183
4.69373,4.69373,1047982080,0,0.0,6014,5949
4.51044,4.51044,76660736,0,0.0,6014,5070
4.85182,4.85182,213301248,0,0.0,6014,68575
4.81283,4.81283,278054912,0,0.0,6014,162985
4.59443,4.59443,251094016,1,0.0,6014,102149
4.65282,4.65282,314046464,1,0.0,6014,83578
4.46985,4.46985,441922560,0,0.0,6014,29471
3.96239,3.96239,907597824,0,0.0,6014,1090
4.66913,4.66913,604908544,0,0.0,6014,86639
4.7836,4.7836,152551424,0,0.0,6014,2329
4.67605,4.67605,268640256,0,0.0,6014,82266
4.70425,4.70425,240911360,0,0.0,6014,17603
3.82353,3.82353,410001408,0,0.0,6014,204
4.88826,4.88826,911711232,0,0.0,6014,36299
4.81188,4.81188,190624768,0,0.0,6014,9308
4.28366,4.28366,175646720,0,0.0,6014,973
4.71645,4.71645,1590734848,1,0.0,6014,23135
4.56965,4.56965,165336064,0,0.0,6014,196336
4.42436,4.42436,108325888,0,0.0,6014,3999
4.64767,4.64767,215267328,0,0.0,6014,61605
4.82029,4.82029,127148032,0,0.0,6014,10462
4.39715,4.39715,781972480,0,0.0,6014,1614
4.61347,4.61347,136147968,0,0.0,6014,21556
4.63648,4.63648,492559360,0,0.0,6014,21146
4.68688,4.68688,17235968,0,0.0,6014,3315
4.78261,4.78261,314138624,0,0.0,6014,23
4.75674,4.75674,911009792,1,0.0,6014,117603
4.74142,4.74142,760407040,0,0.0,6014,4165
4.72816,4.72816,551778304,0,0.0,6014,80874
4.811,4.811,242065408,0,0.0,6014,51484
4.75896,4.75896,307311616,0,0.0,6014,158579
4.69136,4.69136,854720512,1,0.0,6014,28159
4.63593,4.63593,2999631872,0,0.0,6014,32409
4.56067,4.56067,250659840,0,0.0,6014,1409
4.58223,4.58223,263918592,0,0.0,6014,37559
4.52414,4.52414,305807360,1,0.0,6014,16095
4.81139,4.81139,299627520,0,0.0,6014,27592
4.77152,4.77152,82922496,0,0.0,6014,1615
2.6879,2.6879,489272320,0,0.0,6014,785
4.61864,4.61864,257872896,0,0.0,6014,11126
4.80205,4.80205,364891136,0,0.0,6014,7719
4.90348,4.90348,549983232,0,0.0,6014,57215
4.08333,4.08333,288141312,0,0.0,6014,24
4.56771,4.56771,550832128,0,0.0,6014,14717
4.3994,4.3994,202829824,1,0.0,6014,9126
4.6069,4.6069,584194048,1,0.0,6014,146881
4.60684,4.60684,249954304,0,0.0,6014,351
4.65834,4.65834,258793472,0,0.0,6014,33820
3.66667,3.66667,183548928,0,0.0,6014,9
4.93274,4.93274,333936640,0,0.0,6014,160447
4.51679,4.51679,189481984,0,0.0,6014,536
4.21582,4.21582,372397056,1,0.0,6014,7701
4.62629,4.62629,172052480,0,0.0,6014,2015
4.63295,4.63295,165969920,0,0.0,6014,64471
4.55541,4.55541,282259456,0,0.0,6014,4494
4.44257,4.44257,112721920,0,0.0,6014,5868
4.58099,4.58099,530893824,1,0.0,6014,27999
4.56553,4.56553,260723712,0,0.0,6014,26400
4.6552,4.6552,394039296,1,0.0,6014,72793
4.43846,4.43846,84251648,1,0.0,6014,56876
4.79068,4.79068,586850304,0,0.0,6014,8967
4.08718,4.08718,227957760,0,0.0,6014,7019
4.6933,4.6933,1201969152,1,0.0,6014,9687
4.676,4.676,313956352,0,0.0,6014,36207
3.86977,3.86977,208764928,0,0.0,6014,5882
4.74013,4.74013,348103680,0,0.0,6014,297791
4.41162,4.41162,368296960,0,0.0,6014,3751
1.66667,1.66667,90170368,0,0.0,6014,6
4.61006,4.61006,337423360,1,0.0,6014,88405
4.71014,4.71014,264424448,0,0.0,6014,7766
4.53547,4.53547,479339520,0,0.0,6014,26547
4.14799,4.14799,912894976,1,0.0,6014,2392
4.86151,4.86151,162417664,1,0.0,6014,67473
4.5949,4.5949,232572928,0,0.0,6014,753582
4.17082,4.17082,193211392,0,0.0,6014,3565
4.58714,4.58714,290902016,0,0.0,6014,39454
4.57158,4.57158,229022720,0,0.0,6014,866
3.92232,3.92232,810998784,1,0.0,6014,25902
4.83419,4.83419,274190336,0,0.0,6014,5084
4.51105,4.51105,245170176,1,0.0,6014,24322
4.56236,4.56236,548400128,0,0.0,6014,92919
4.29481,4.29481,131860480,1,0.0,6014,1696
4.40653,4.40653,348580864,0,0.0,6014,2204
4.20044,4.20044,89538560,0,0.0,6014,1367
4.46658,4.46658,231456768,0,0.0,6014,82251
4.4295,4.4295,150066176,0,0.0,6014,19311
4.45014,4.45014,115195904,0,0.0,6014,1404
4.44904,4.44904,95768576,0,0.0,6014,677
4.46718,4.46718,688289792,1,0.0,6014,6460
4.51782,4.51782,374370304,0,0.0,6014,18850
4.54321,4.54321,829606912,1,0.0,6014,2546
4.26335,4.26335,156450816,0,0.0,6014,524
4.52967,4.52967,85758976,1,0.0,6014,32318
0.0,0.0,312413184,0,0.0,6014,0
4.72376,4.72376,273672192,0,0.0,6014,181
4.53989,4.53989,452494336,0,0.0,6014,70333
4.74223,4.74223,191243264,0,0.0,6014,23963
4.21429,4.21429,695128064,1,0.0,6014,1162
4.73723,4.73723,346998784,1,0.0,6014,52943
4.35513,4.35513,58807296,1,0.0,6014,107
4.75962,4.75962,36430848,1,0.0,6014,30522
4.19466,4.19466,331703296,0,0.0,6014,1911
4.67995,4.67995,46498816,0,0.0,6014,1656
4.516,4.516,427193344,0,0.0,6014,4438
4.89567,4.89567,169136128,0,0.0,6014,19096
4.36388,4.36388,1087428608,1,0.0,6014,133682
4.77001,4.77001,1344603136,0,0.0,6014,15218
4.71323,4.71323,381815808,1,0.0,6014,278649
4.70186,4.70186,368477184,0,0.0,6014,1127
4.83164,4.83164,255832064,0,0.0,6014,84386
4.57923,4.57923,189306880,0,0.0,6014,5421
4.66574,4.66574,92469248,0,0.0,6014,112770
4.79818,4.79818,242796544,1,0.0,6014,387216
4.77662,4.77662,782653440,0,0.0,6014,10292
4.82366,4.82366,906322944,1,0.0,6014,4378
4.43874,4.43874,283484160,0,0.0,6014,7501
4.6212,4.6212,95479808,0,0.0,6014,54428
4.62626,4.62626,53308416,0,0.0,6014,27075
4.79303,4.79303,104298496,0,0.0,6014,20815
4.56188,4.56188,312099840,0,0.0,6014,51557
4.60827,4.60827,485838848,0,0.0,6014,54578
4.782,4.782,314761216,0,0.0,6014,340253
4.84138,4.84138,1344067584,1,0.0,6014,41880
4.59095,4.59095,635152384,1,0.0,6014,33387
4.35114,4.35114,265908224,0,0.0,6014,2620
4.73062,4.73062,323159040,0,0.0,6014,2387
4.60747,4.60747,142128128,0,0.0,6014,2275
4.48008,4.48008,357438464,0,0.0,6014,28745
4.53286,4.53286,790598656,0,0.0,6014,2267
4.35126,4.35126,2209958912,1,0.0,6014,16404
2.79866,2.79866,68767744,0,0.0,6014,1346
4.74611,4.74611,1270006784,0,0.0,6014,16243
4.50788,4.50788,164561920,0,0.0,6014,587539
4.51548,4.51548,2175175680,1,0.0,6014,34750
4.75,4.75,348354560,1,0.0,6014,60
4.86123,4.86123,181300224,0,0.0,6014,3805
4.48439,4.48439,1450941440,1,0.0,6014,4005
4.63791,4.63791,215356416,1,0.0,6014,30680
4.66087,4.66087,295092224,0,0.0,6014,115
4.26082,4.26082,2271338496,0,0.0,6014,4831
4.78995,4.78995,256923648,0,0.0,6014,1314
4.25793,4.25793,509460480,0,0.0,6014,98574
4.2072,4.2072,971559936,0,0.0,6014,7085
4.72552,4.72552,224575488,0,0.0,6014,3268
4.73283,4.73283,186101760,0,0.0,6014,6640
4.32983,4.32983,448651264,0,0.0,6014,21860
4.6241,4.6241,338561024,0,0.0,6014,11011
4.52916,4.52916,209694720,0,0.0,6014,59434
4.24113,4.24113,168900608,0,0.0,6014,3923
4.71012,4.71012,1119794176,1,0.0,6014,721
4.2699,4.2699,356460544,1,0.0,6014,1834
4.55511,4.55511,138172416,0,0.0,6014,9137
4.56097,4.56097,290633728,0,0.0,6014,18256
4.82074,4.82074,3785921536,1,0.0,6014,5729
4.72919,4.72919,308543488,0,0.0,6014,5155
4.49289,4.49289,298679296,1,0.0,6014,99485
4.57122,4.57122,210743296,1,0.0,6014,2696
4.6456,4.6456,504427520,0,0.0,6014,2057
4.92336,4.92336,242998272,0,0.0,6014,10321
4.46099,4.46099,1715606528,1,0.0,6014,4332
4.49624,4.49624,487096320,1,0.0,6014,32605
4.90338,4.90338,171510784,1,0.0,6014,3933
4.36163,4.36163,335522816,0,0.0,6014,6313
4.5955,4.5955,233674752,0,0.0,6014,111032
4.64551,4.64551,189068288,0,0.0,6014,199720
4.62901,4.62901,246161408,0,0.0,6014,3736
4.3464,4.3464,289555456,0,0.0,6014,12618
4.77609,4.77609,140416000,0,0.0,6014,103781
4.65128,4.65128,224001024,1,0.0,6014,35934
4.75922,4.75922,348660736,0,0.0,6014,1599
4.75192,4.75192,185458688,1,0.0,6014,63528
4.49709,4.49709,193185792,0,0.0,6014,3607
4.6955,4.6955,372367360,0,0.0,6014,2138
4.93546,4.93546,229545984,0,0.0,6014,9963
4.65154,4.65154,125004800,0,0.0,6014,13330
3.65304,3.65304,488142848,0,0.0,6014,5260
4.70063,4.70063,203799552,0,0.0,6014,27812
4.9425,4.9425,166696960,0,0.0,6014,71877
4.714,4.714,1070464000,1,0.0,6014,95547
4.62286,4.62286,565655552,0,0.0,6014,69691
4.75493,4.75493,274330624,0,0.0,6014,2028
4.26302,4.26302,419171328,0,0.0,6014,5277
4.57074,4.57074,574790656,0,0.0,6014,622
4.69341,4.69341,161106944,0,0.0,6014,7101
4.70897,4.70897,77910016,1,0.0,6014,21558
4.28584,4.28584,152624128,0,0.0,6014,3306
4.63855,4.63855,555008000,0,0.0,6014,14735
4.76515,4.76515,50394112,0,0.0,6014,25340
4.68072,4.68072,248522752,0,0.0,6014,711
4.44615,4.44615,229863424,0,0.0,6014,76835
4.72881,4.72881,88485888,0,0.0,6014,177
4.35024,4.35024,180431872,1,0.0,6014,17291
4.8144,4.8144,3966613504,0,0.0,6014,8055
4.77994,4.77994,224242688,0,0.0,6014,6012
4.83204,4.83204,281589760,0,0.0,6014,11455
4.30187,4.30187,63147008,1,0.0,6014,9123
4.72556,4.72556,308826112,0,0.0,6014,1647
3.29968,3.29968,135496704,0,0.0,6014,317
4.56552,4.56552,281750528,0,0.0,6014,1885
4.64004,4.64004,595947520,0,0.0,6014,914
3.54545,3.54545,201017344,0,0.0,6014,77
4.82711,4.82711,108376064,1,0.0,6014,162424
4.69801,4.69801,17209344,0,0.0,6014,5967
4.77629,4.77629,946930688,1,0.0,6014,6477
3.67234,3.67234,253181952,0,0.0,6014,235
4.66892,4.66892,208468992,0,0.0,6014,28362
4.74854,4.74854,437671936,0,0.0,6014,1026
4.16981,4.16981,235751424,0,0.0,6014,636
4.75188,4.75188,255602688,0,0.0,6014,798
4.71758,4.71758,216922112,0,0.0,6014,910
4.75504,4.75504,170191872,1,0.0,6014,212037
4.25997,4.25997,343010304,0,0.0,6014,877
4.03092,4.03092,2723381248,1,0.0,6014,2716
4.58129,4.58129,152790016,0,0.0,6014,173051
4.59546,4.59546,450725888,1,0.0,6014,17803
4.71828,4.71828,167780352,1,0.0,6014,6244
3.85714,3.85714,88844288,0,0.0,6014,14
4.75994,4.75994,741255168,1,0.0,6014,68286
4.54272,4.54272,523261952,1,0.0,6014,632
4.83653,4.83653,94748672,0,0.0,6014,17844
4.03795,4.03795,19223552,0,0.0,6014,448
4.67393,4.67393,230302720,1,0.0,6014,2846
4.55257,4.55257,459512832,1,0.0,6014,21038
4.50138,4.50138,165293056,0,0.0,6014,363
0.0,0.0,430838784,0,0.0,6014,0
4.84371,4.84371,191227904,1,0.0,6014,592913
4.58314,4.58314,208410624,0,0.0,6014,116863
4.7584,4.7584,144408576,0,0.0,6014,33489
4.77184,4.77184,254316544,0,0.0,6014,41752
4.58599,4.58599,324883456,0,0.0,6014,12908
4.69966,4.69966,210428928,1,0.0,6014,51256
4.76058,4.76058,122066944,0,0.0,6014,32187
4.77691,4.77691,2023293952,0,0.0,6014,20221
4.13488,4.13488,217714688,0,0.0,6014,1379
4.69069,4.69069,204618752,0,0.0,6014,430
4.3617,4.3617,174120960,0,0.0,6014,470
4.27773,4.27773,106832896,1,0.0,6014,45615
4.66312,4.66312,356399104,0,0.0,6014,18164
4.75009,4.75009,896714752,0,0.0,6014,205526
4.40135,4.40135,151149568,0,0.0,6014,102543
4.46985,4.46985,168010752,0,0.0,6014,398
4.87291,4.87291,277850112,0,0.0,6014,6374
4.64608,4.64608,152472576,0,0.0,6014,3659
4.38446,4.38446,270414848,0,0.0,6014,23662
4.79453,4.79453,724258816,0,0.0,6014,39529
4.42722,4.42722,424409088,0,0.0,6014,32646
4.63415,4.63415,431234048,0,0.0,6014,82
4.27208,4.27208,175036416,0,0.0,6014,18443
4.84518,4.84518,1672329216,1,0.0,6014,9934
3.5122,3.5122,230390784,0,0.0,6014,41
4.56057,4.56057,876161024,1,0.0,6014,74005
4.79111,4.79111,256596992,0,0.0,6014,27388
4.70422,4.70422,1588057088,1,0.0,6014,206055
4.55288,4.55288,279492608,0,0.0,6014,103436
4.71687,4.71687,196385792,0,0.0,6014,16593
4.55982,4.55982,220794880,0,0.0,6014,8710
4.50959,4.50959,248766464,0,0.0,6014,33209
4.36901,4.36901,163868672,0,0.0,6014,12024
4.53017,4.53017,246152192,0,0.0,6014,38551
4.62736,4.62736,2816560128,1,0.0,6014,1747
3.57001,3.57001,182895616,1,0.0,6014,5856
4.79622,4.79622,820835328,1,0.0,6014,7724
0.0,0.0,1619300352,1,0.0,6014,0
4.3597,4.3597,221768704,1,0.0,6014,1062
4.59605,4.59605,63316992,0,0.0,6014,10994
4.91834,4.91834,453370880,0,0.0,6014,2486
4.73648,4.73648,142208000,1,0.0,6014,168788
4.68912,4.68912,875248640,1,0.0,6014,8997
4.86224,4.86224,44647424,1,0.0,6014,14228
3.34884,3.34884,3829970944,0,0.0,6014,86
4.87051,4.87051,849836032,1,0.0,6014,5035
4.6928,4.6928,298192896,1,0.0,6014,199713
4.63832,4.63832,63451136,0,0.0,6014,12699
4.7884,4.7884,1207261184,1,0.0,6014,27798
4.57229,4.57229,214483968,0,0.0,6014,8653
4.54854,4.54854,159711232,0,0.0,6014,197097
4.83388,4.83388,259689472,1,0.0,6014,12858
4.56222,4.56222,377950208,0,0.0,6014,41948
4.36425,4.36425,270515200,0,0.0,6014,5359
4.81794,4.81794,203919360,1,0.0,6014,6141
3.88628,3.88628,1369298944,1,0.0,6014,4010
4.34809,4.34809,181334016,0,0.0,6014,9960
4.36681,4.36681,24695808,0,0.0,6014,23260
4.64688,4.64688,184494080,0,0.0,6014,282574
4.66629,4.66629,229752832,0,0.0,6014,57644
4.79448,4.79448,15959040,1,0.0,6014,71937
4.59578,4.59578,385046528,0,0.0,6014,40087
4.50983,4.50983,410905600,1,0.0,6014,26981
4.59342,4.59342,275909632,0,0.0,6014,129871
4.69449,4.69449,2707475456,1,0.0,6014,192405
4.5873,4.5873,242842624,0,0.0,6014,91109
4.20132,4.20132,383465472,1,0.0,6014,2126
3.85318,3.85318,150530048,1,0.0,6014,2452
4.59181,4.59181,341553152,0,0.0,6014,44144
4.53633,4.53633,155445248,1,0.0,6014,4087
4.5114,4.5114,299602944,0,0.0,6014,45606
4.67047,4.67047,1145589760,0,0.0,6014,24611
4.55452,4.55452,207169536,0,0.0,6014,87082
4.60032,4.60032,439142400,0,0.0,6014,142644
4.75673,4.75673,283939840,0,0.0,6014,433862
4.33198,4.33198,157434880,0,0.0,6014,247
4.67813,4.67813,219048960,0,0.0,6014,108017
4.61176,4.61176,169854976,0,0.0,6014,53492
4.67817,4.67817,186852352,0,0.0,6014,62539
4.90014,4.90014,127896576,0,0.0,6014,701
4.66614,4.66614,179358720,0,0.0,6014,19640
4.61854,4.61854,424628224,0,0.0,6014,95290
4.51145,4.51145,513866752,0,0.0,6014,12347
4.39513,4.39513,165196800,1,0.0,6014,5970
4.57545,4.57545,313133056,0,0.0,6014,62903
4.62378,4.62378,208584704,0,0.0,6014,52297
4.43246,4.43246,320609280,1,0.0,6014,14725
4.79751,4.79751,170269696,0,0.0,6014,81672
4.65346,4.65346,580438016,0,0.0,6014,8328
4.76536,4.76536,630290432,1,0.0,6014,115979
4.59618,4.59618,464081920,1,0.0,6014,681
4.34417,4.34417,1357545472,1,0.0,6014,9187
4.7742,4.7742,239049728,0,0.0,6014,3915
3.28571,3.28571,692249600,0,0.0,6014,322
4.71021,4.71021,273735680,1,0.0,6014,488756
4.47727,4.47727,154613760,1,0.0,6014,44
4.82264,4.82264,196888576,0,0.0,6014,44806
4.61914,4.61914,486986752,0,0.0,6014,1473
4.52883,4.52883,182320128,1,0.0,6014,311599
4.68007,4.68007,155729920,0,0.0,6014,42478
